source_id,original_filename,relative_source_path,target_type,shot_count,image_format,width_px,height_px,file_size_bytes,image_sha256,provenance,reference_score_tenths,reference_status,reference_source,split,include_in_benchmark,ground_truth_method,review_status,capture_session,notes
RIFLE_SRC_0001,IMG_3977.JPG,IMG_3977.JPG,air_rifle_10m,1,jpg,3024,3024,2465442,0B0E5630BDC5CB23A3B9A457DB75B71E6498164E63B322F1CF79D5FC3DFCB61B,definitely_unseen,,unlabeled,,unassigned,false,,unreviewed,,
RIFLE_SRC_0002,IMG_3983.JPG,IMG_3983.JPG,air_rifle_10m,1,jpg,4032,3024,2908972,9EFFA344CEFFBF6AD4A83B6C8747FC542CB4D1717A3E12F21B73857E7FE56E8F,definitely_unseen,,unlabeled,,unassigned,false,,unreviewed,,
RIFLE_SRC_0003,IMG_3986.DNG,IMG_3986.DNG,air_rifle_10m,1,dng,3024,3024,960314,F5B1CE78AB6120079793BF61F03989AE920AB135E7A092DC49AD39E0A7F202DB,definitely_unseen,,unlabeled,,unassigned,false,,unreviewed,,backend_compatibility_unverified
RIFLE_SRC_0004,IMG_3987.DNG,IMG_3987.DNG,air_rifle_10m,1,dng,3024,3024,1087012,97FEE2A79A836F5531C94DBB09C74ED9A1506F9193879B56258C27373DDE9EFF,definitely_unseen,,unlabeled,,unassigned,false,,unreviewed,,backend_compatibility_unverified
RIFLE_SRC_0005,IMG_3988.DNG,IMG_3988.DNG,air_rifle_10m,1,dng,3024,3024,1169514,9B7D1F987141AD609AD19F686A57EA46F4EFD781AFFA9D2FF590FD40FA13724B,definitely_unseen,,unlabeled,,unassigned,false,,unreviewed,,backend_compatibility_unverified
RIFLE_SRC_0006,IMG_3989.DNG,IMG_3989.DNG,air_rifle_10m,1,dng,3024,3024,1306631,25132900143035C0122B3A30317F957B077CC44EFC647A1B40DBE6289D39A7D2,definitely_unseen,,unlabeled,,unassigned,false,,unreviewed,,backend_compatibility_unverified
RIFLE_SRC_0007,IMG_3990.DNG,IMG_3990.DNG,air_rifle_10m,1,dng,3024,3024,1098092,2E19ADF37F24337B8BC6EEC183778421263E2FA83EEAA23B17744BBB8EB4C855,definitely_unseen,,unlabeled,,unassigned,false,,unreviewed,,backend_compatibility_unverified
RIFLE_SRC_0008,IMG_3991.DNG,IMG_3991.DNG,air_rifle_10m,1,dng,3024,3024,1446102,57CFA1AC48DAE626DC72CE8FCBB4C0241BD4549F95004C392439C9398BE6A393,definitely_unseen,,unlabeled,,unassigned,false,,unreviewed,,backend_compatibility_unverified
RIFLE_SRC_0009,IMG_3992.DNG,IMG_3992.DNG,air_rifle_10m,1,dng,3024,3024,1355923,5CDCE5A8DA50031248B6AE7A0870CED4A5A9EC43E7CFB251EBE6AC95BEDE5617,definitely_unseen,,unlabeled,,unassigned,false,,unreviewed,,backend_compatibility_unverified
RIFLE_SRC_0010,IMG_3993.DNG,IMG_3993.DNG,air_rifle_10m,1,dng,3024,3024,1178277,F5B4E26546FF51D3A1AE34FC60AE46B81DB4A4E74B8F5AFC1DE67DF2D2DD8EE6,definitely_unseen,,unlabeled,,unassigned,false,,unreviewed,,backend_compatibility_unverified
RIFLE_SRC_0011,IMG_3994.DNG,IMG_3994.DNG,air_rifle_10m,1,dng,3024,3024,1304460,0CC878F02C3837D86B1A97AA4A54AD08D2384EA2D25D611B9174253E3F6C9B49,definitely_unseen,,unlabeled,,unassigned,false,,unreviewed,,backend_compatibility_unverified
RIFLE_SRC_0012,IMG_3995.DNG,IMG_3995.DNG,air_rifle_10m,1,dng,3024,3024,1411883,2C3720ED87CA9CCD82812103CD8BE3D237144B038401C960397ECE4FBB589A8E,definitely_unseen,,unlabeled,,unassigned,false,,unreviewed,,backend_compatibility_unverified
RIFLE_SRC_0013,IMG_3996.DNG,IMG_3996.DNG,air_rifle_10m,1,dng,3024,3024,1384777,47DF23356AE3E5189616A84B030560E2AD433F440693DD6128BE81AE424F03D3,definitely_unseen,,unlabeled,,unassigned,false,,unreviewed,,backend_compatibility_unverified
RIFLE_SRC_0014,IMG_3997.DNG,IMG_3997.DNG,air_rifle_10m,1,dng,3024,3024,1098709,65063FC8A2979A694BF501EE3BC99A3CCD0ED6398C804877A8D39B4899E37A3C,definitely_unseen,,unlabeled,,unassigned,false,,unreviewed,,backend_compatibility_unverified
RIFLE_SRC_0015,IMG_3998.DNG,IMG_3998.DNG,air_rifle_10m,1,dng,3024,3024,1338601,952EFE75C88E28123D6034A892CE7B41375880DDAFE5E5AF1795676A5C7A73E7,definitely_unseen,,unlabeled,,unassigned,false,,unreviewed,,backend_compatibility_unverified
RIFLE_SRC_0016,IMG_3999.DNG,IMG_3999.DNG,air_rifle_10m,1,dng,3024,3024,1363237,E0CFEBA9B864B33CE55A10A63D0B33C4BF42D9617945590ECC58771885541578,definitely_unseen,,unlabeled,,unassigned,false,,unreviewed,,backend_compatibility_unverified
RIFLE_SRC_0017,IMG_4001.DNG,IMG_4001.DNG,air_rifle_10m,1,dng,3024,3024,1411838,19280820479E7D19385E1201B7B8C03877DD337A4697295C1BFCC51D0A7445AF,definitely_unseen,,unlabeled,,unassigned,false,,unreviewed,,backend_compatibility_unverified
RIFLE_SRC_0018,IMG_4002.DNG,IMG_4002.DNG,air_rifle_10m,1,dng,3024,3024,1213729,F2D54AAE94DCDEB6D9D48E8E864C674B7EA4978C3A5C4CC9DDB03FB7D28AEA4D,definitely_unseen,,unlabeled,,unassigned,false,,unreviewed,,backend_compatibility_unverified
RIFLE_SRC_0019,IMG_4003.DNG,IMG_4003.DNG,air_rifle_10m,1,dng,3024,3024,1275066,F34828EE0AA286C125778D6BF2AFB45836E2EE0B56D71EAB89AE5FBF00D93CC7,definitely_unseen,,unlabeled,,unassigned,false,,unreviewed,,backend_compatibility_unverified
RIFLE_SRC_0020,IMG_4004.DNG,IMG_4004.DNG,air_rifle_10m,1,dng,3024,3024,1367334,E16A8377309E78E08B69AB77D77EF6CB0CCFDC85B023F916EDAB708E331CBE7F,definitely_unseen,,unlabeled,,unassigned,false,,unreviewed,,backend_compatibility_unverified
RIFLE_SRC_0021,IMG_4005.DNG,IMG_4005.DNG,air_rifle_10m,1,dng,3024,3024,1353447,C9500E2E3B973DFCA7262FF020C24BF5D9504E2A59FBE57DECBB6B0D10ED49D1,definitely_unseen,,unlabeled,,unassigned,false,,unreviewed,,backend_compatibility_unverified
RIFLE_SRC_0022,IMG_4006.DNG,IMG_4006.DNG,air_rifle_10m,1,dng,3024,3024,1408830,E36DADC657EF6D1765BB56E4345C2DA0AE90109A8EDA468BCD3BD82AE732CA88,definitely_unseen,,unlabeled,,unassigned,false,,unreviewed,,backend_compatibility_unverified
RIFLE_SRC_0023,IMG_4007.DNG,IMG_4007.DNG,air_rifle_10m,1,dng,3024,3024,1384302,A7F7B1D7DB46F29B26AADDFC7BB0490FAFF28F633A0507096904CE82A2D530EC,definitely_unseen,,unlabeled,,unassigned,false,,unreviewed,,backend_compatibility_unverified
RIFLE_SRC_0024,IMG_4008.DNG,IMG_4008.DNG,air_rifle_10m,1,dng,3024,3024,1460926,2343803F4799EB7D6CB49DB27A697E06C91BDACD8E1E735738E7085497193D9D,definitely_unseen,,unlabeled,,unassigned,false,,unreviewed,,backend_compatibility_unverified
RIFLE_SRC_0025,IMG_4009.DNG,IMG_4009.DNG,air_rifle_10m,1,dng,3024,3024,1410348,FFA4FA8C42FB58374F612D8CFEAAD38BC1D2B684E1879D65DB2DF174952863DF,definitely_unseen,,unlabeled,,unassigned,false,,unreviewed,,backend_compatibility_unverified
RIFLE_SRC_0026,IMG_4010.DNG,IMG_4010.DNG,air_rifle_10m,1,dng,3024,3024,1414434,E344D9D42169665D02D87B6F92BD7CEC6D86DCC83CA01E48FFA4577F9B4FB972,definitely_unseen,,unlabeled,,unassigned,false,,unreviewed,,backend_compatibility_unverified
RIFLE_SRC_0027,IMG_4011.DNG,IMG_4011.DNG,air_rifle_10m,1,dng,3024,3024,1198354,B6D565CC0A5B60DB137A197635BCC4CCAF04A3A9DD9245C9F134171B9847ADD7,definitely_unseen,,unlabeled,,unassigned,false,,unreviewed,,backend_compatibility_unverified
RIFLE_SRC_0028,IMG_4012.DNG,IMG_4012.DNG,air_rifle_10m,1,dng,3024,3024,1287698,6CE164FD02C0FB87B010AA50F05334545808D5670C9E5B232C7C2F0B267AA7D1,definitely_unseen,,unlabeled,,unassigned,false,,unreviewed,,backend_compatibility_unverified
RIFLE_SRC_0029,IMG_4013.DNG,IMG_4013.DNG,air_rifle_10m,1,dng,3024,3024,1390868,85A8D6F7754F7AC0A5D8E3F53A2BF8D51EC8A147CFBBE59C72071E21CB70A7DD,definitely_unseen,,unlabeled,,unassigned,false,,unreviewed,,backend_compatibility_unverified
RIFLE_SRC_0030,IMG_4014.DNG,IMG_4014.DNG,air_rifle_10m,1,dng,3024,3024,1454320,7D273C5E27E4ACB89C6002ED26E89762AB54486F92D16859DF3EFB2844ECA588,definitely_unseen,,unlabeled,,unassigned,false,,unreviewed,,backend_compatibility_unverified
RIFLE_SRC_0031,IMG_4015.DNG,IMG_4015.DNG,air_rifle_10m,1,dng,3024,3024,1394146,9C188A836197656696EE9FF76AFE4C581687B59546584072020557EDC862A280,definitely_unseen,,unlabeled,,unassigned,false,,unreviewed,,backend_compatibility_unverified
RIFLE_SRC_0032,IMG_4016.DNG,IMG_4016.DNG,air_rifle_10m,1,dng,3024,3024,1133644,862D5735A1EA2662941D0EEB15C0410E0BC7747B0673BE45286532B7C16D8B62,definitely_unseen,,unlabeled,,unassigned,false,,unreviewed,,backend_compatibility_unverified
RIFLE_SRC_0033,IMG_4017.DNG,IMG_4017.DNG,air_rifle_10m,1,dng,3024,3024,1363331,804EFD49A0316A44AC26536D930ACE61046C9DD01A8C0BA70B9E842E750C5DBE,definitely_unseen,,unlabeled,,unassigned,false,,unreviewed,,backend_compatibility_unverified
RIFLE_SRC_0034,IMG_4018.DNG,IMG_4018.DNG,air_rifle_10m,1,dng,3024,3024,1438097,FC47F0104481023042419B4C504D489E16DA0D737B4C6302122C1403C5314E41,definitely_unseen,,unlabeled,,unassigned,false,,unreviewed,,backend_compatibility_unverified
RIFLE_SRC_0035,IMG_4019.DNG,IMG_4019.DNG,air_rifle_10m,1,dng,3024,3024,1384588,053376B62707DB6FE763F719625A9A8B2EE6F9944356584074788DBFC9EB6DBE,definitely_unseen,,unlabeled,,unassigned,false,,unreviewed,,backend_compatibility_unverified
RIFLE_SRC_0036,IMG_4020.DNG,IMG_4020.DNG,air_rifle_10m,1,dng,3024,3024,1285648,C1DA44BECA77F271EAE34B8A925F42F3099F64C6AB627175D21D649DC42372FB,definitely_unseen,,unlabeled,,unassigned,false,,unreviewed,,backend_compatibility_unverified
RIFLE_SRC_0037,IMG_4021.DNG,IMG_4021.DNG,air_rifle_10m,1,dng,3024,3024,1349326,0717A7F2E9CA2628B36AC16D6F1C720497771A296DBB1AD34C0A25D8CAE23050,definitely_unseen,,unlabeled,,unassigned,false,,unreviewed,,backend_compatibility_unverified
RIFLE_SRC_0038,IMG_4022.DNG,IMG_4022.DNG,air_rifle_10m,1,dng,3024,3024,1077548,23BDDC1452C38E68E8CFE3ED5795F1D4E5D20834D91AD84C85F69ACFA5BDE6F2,definitely_unseen,,unlabeled,,unassigned,false,,unreviewed,,backend_compatibility_unverified
RIFLE_SRC_0039,IMG_4023.DNG,IMG_4023.DNG,air_rifle_10m,1,dng,3024,3024,1098594,89F90BD0F8E3B47A0D10C3CF59B66D6BBDF0825F36C4ED7A23EA26EC76EBDAC0,definitely_unseen,,unlabeled,,unassigned,false,,unreviewed,,backend_compatibility_unverified
RIFLE_SRC_0040,IMG_4024.DNG,IMG_4024.DNG,air_rifle_10m,1,dng,3024,3024,1286634,C83A01ADFF48C732B12DFBE3CE37F621E3F2FD0C6366B925AB1FCD0FA029BB4F,definitely_unseen,,unlabeled,,unassigned,false,,unreviewed,,backend_compatibility_unverified
RIFLE_SRC_0041,IMG_4025.DNG,IMG_4025.DNG,air_rifle_10m,1,dng,3024,3024,1377285,DF5F5912C99BFB04E348479F0075A4014D735866D87F178A6DD883B2E8D87763,definitely_unseen,,unlabeled,,unassigned,false,,unreviewed,,backend_compatibility_unverified
RIFLE_SRC_0042,IMG_4026.DNG,IMG_4026.DNG,air_rifle_10m,1,dng,3024,3024,1133322,9F05AFD8FEBDC2F4CEF4C3266F618CC4E99A4D03A86C4690FB7A3E6D9FAB1F3D,definitely_unseen,,unlabeled,,unassigned,false,,unreviewed,,backend_compatibility_unverified
RIFLE_SRC_0043,IMG_4027.DNG,IMG_4027.DNG,air_rifle_10m,1,dng,3024,3024,1394021,99B5E576E85285C1C3080A9DB3071ABC24F563CD20C79BEF466C71AC42383D33,definitely_unseen,,unlabeled,,unassigned,false,,unreviewed,,backend_compatibility_unverified
RIFLE_SRC_0044,IMG_4028.DNG,IMG_4028.DNG,air_rifle_10m,1,dng,3024,3024,1199382,2386A09F1B3CE36909309F2F0DB8108E334F0B5722566B18742B9E58D006D01B,definitely_unseen,,unlabeled,,unassigned,false,,unreviewed,,backend_compatibility_unverified
RIFLE_SRC_0045,IMG_4029.DNG,IMG_4029.DNG,air_rifle_10m,1,dng,3024,3024,1369684,DF0B036D6DBB6C94D4EF15EB138DFFB399506E0C8A3C96695D3197FCD55425FE,definitely_unseen,,unlabeled,,unassigned,false,,unreviewed,,backend_compatibility_unverified
RIFLE_SRC_0046,IMG_4030.DNG,IMG_4030.DNG,air_rifle_10m,1,dng,3024,3024,1433757,9139AC35D8653C20A750421A78BBF62D2F0790D54928BAE93EB54FB19D4264ED,definitely_unseen,,unlabeled,,unassigned,false,,unreviewed,,backend_compatibility_unverified
RIFLE_SRC_0047,IMG_4031.DNG,IMG_4031.DNG,air_rifle_10m,1,dng,3024,3024,1266858,CE1B970CAA5EEB4031EE524A4D1872370DE8807F425B1E0D52E263CE91F3A450,definitely_unseen,,unlabeled,,unassigned,false,,unreviewed,,backend_compatibility_unverified
RIFLE_SRC_0048,IMG_4032.DNG,IMG_4032.DNG,air_rifle_10m,1,dng,3024,3024,1331348,0CB2AEE16D78ABEB8F0B1BC462B0D21934C0462CD1A2B7696AB7D117A78DA322,definitely_unseen,,unlabeled,,unassigned,false,,unreviewed,,backend_compatibility_unverified
RIFLE_SRC_0049,IMG_4033.DNG,IMG_4033.DNG,air_rifle_10m,1,dng,3024,3024,1161452,EDDBFE6F51A87ECE6D9012545ECAF25C5A3E1703FB8026FD8AD0772C6F0D6318,definitely_unseen,,unlabeled,,unassigned,false,,unreviewed,,backend_compatibility_unverified
RIFLE_SRC_0050,IMG_4034.DNG,IMG_4034.DNG,air_rifle_10m,1,dng,3024,3024,1324203,F24C8E48F5A6EE09686BD2127BAD68083CD8C32073B9442B0B77955BF509EB08,definitely_unseen,,unlabeled,,unassigned,false,,unreviewed,,backend_compatibility_unverified
RIFLE_SRC_0051,IMG_4035.DNG,IMG_4035.DNG,air_rifle_10m,1,dng,3024,3024,1244328,2088F23E2D152DBB1B23229F6B9E4666BFF6738FE43EAAD343994DF9D18A4555,definitely_unseen,,unlabeled,,unassigned,false,,unreviewed,,backend_compatibility_unverified
RIFLE_SRC_0052,IMG_4036.DNG,IMG_4036.DNG,air_rifle_10m,1,dng,3024,3024,1159922,2C40B0160AEA57586A4F4927A10F9954304DD1A6327BCCB14C58D205C6216E32,definitely_unseen,,unlabeled,,unassigned,false,,unreviewed,,backend_compatibility_unverified
RIFLE_SRC_0053,IMG_4037.JPG,IMG_4037.JPG,air_rifle_10m,1,jpg,3024,3024,1604818,5A341CEAD8F73B1B3E11B944785EDFCD9322692676DA71174E63BFC69526B6FE,definitely_unseen,,unlabeled,,unassigned,false,,unreviewed,,
RIFLE_SRC_0054,IMG_4038.JPG,IMG_4038.JPG,air_rifle_10m,1,jpg,3024,3024,1882708,E4E4B90C340F87DD8B1179227DF38ECFE6D6C219A18932479AD674EFC7AB9BE4,definitely_unseen,,unlabeled,,unassigned,false,,unreviewed,,
RIFLE_SRC_0055,IMG_4039.JPG,IMG_4039.JPG,air_rifle_10m,1,jpg,3024,3024,1350502,AA82139890752E286157DFD73964ED9780BE28B013864D3416987A143D7D4729,definitely_unseen,,unlabeled,,unassigned,false,,unreviewed,,
RIFLE_SRC_0056,IMG_4040.JPG,IMG_4040.JPG,air_rifle_10m,1,jpg,3024,3024,1534107,4F6F55134FA3AC5CF614572AF4363D20AD88118710D90193C02BCB105B8CB9C9,definitely_unseen,,unlabeled,,unassigned,false,,unreviewed,,
RIFLE_SRC_0057,IMG_4041.JPG,IMG_4041.JPG,air_rifle_10m,1,jpg,3024,3024,1572124,03ECB05F0BAC7A80AAC2D22D8A9F1690A616A4F0D5F7E4CF3D04BB5F0C713B13,definitely_unseen,,unlabeled,,unassigned,false,,unreviewed,,
RIFLE_SRC_0058,IMG_4042.JPG,IMG_4042.JPG,air_rifle_10m,1,jpg,3024,3024,1600805,397902F0E3AF15B2E08E3902501442027581D6B23EFE27149DBAA59E72DFD1DE,definitely_unseen,,unlabeled,,unassigned,false,,unreviewed,,
RIFLE_SRC_0059,IMG_4043.JPG,IMG_4043.JPG,air_rifle_10m,1,jpg,3024,3024,1565105,277835873FA99F97F0A96FA422095474471EF673521AE02D2765140BDD36A436,definitely_unseen,,unlabeled,,unassigned,false,,unreviewed,,
RIFLE_SRC_0060,IMG_4044.JPG,IMG_4044.JPG,air_rifle_10m,1,jpg,3024,3024,1556819,328A6174A022FE42DDB3B59CBBC77F89545F7CE85959830937807285E6B96298,definitely_unseen,,unlabeled,,unassigned,false,,unreviewed,,
RIFLE_SRC_0061,IMG_4045.JPG,IMG_4045.JPG,air_rifle_10m,1,jpg,3024,3024,1571867,4D3A4AF7759E2F616D10516D948FA4F322ED72DD1A4DB652D1FF4DE46C7D8590,definitely_unseen,,unlabeled,,unassigned,false,,unreviewed,,
RIFLE_SRC_0062,IMG_4046.JPG,IMG_4046.JPG,air_rifle_10m,1,jpg,3024,3024,1517419,D80C53135C80DB95510141F507DF9B7CFA2A44912554B7CBD9E758672A22064E,definitely_unseen,,unlabeled,,unassigned,false,,unreviewed,,
RIFLE_SRC_0063,IMG_4047.JPG,IMG_4047.JPG,air_rifle_10m,1,jpg,3024,3024,1529015,786C2D704D474B23E1C1F4A56A55F2995CC5ED40C4FCD810D3E345ED2075F133,definitely_unseen,,unlabeled,,unassigned,false,,unreviewed,,
RIFLE_SRC_0064,IMG_4048.JPG,IMG_4048.JPG,air_rifle_10m,1,jpg,3024,3024,1537441,B7161F4DB38E569BA4B69D0FFD3E8FFF07BE85E78868659C3D8F884CBEA15C60,definitely_unseen,,unlabeled,,unassigned,false,,unreviewed,,
RIFLE_SRC_0065,IMG_4049.JPG,IMG_4049.JPG,air_rifle_10m,1,jpg,3024,3024,1492755,6F39BDDFC72903ECB7D252A9439D76A8F467D1B13B895D5741C8F47E04367B1B,definitely_unseen,,unlabeled,,unassigned,false,,unreviewed,,
RIFLE_SRC_0066,IMG_4050.JPG,IMG_4050.JPG,air_rifle_10m,1,jpg,3024,3024,1461690,238C510996A15E90603258EAA0CE5AEAB4DD820FD065B14C42BCC9555FB93FA6,definitely_unseen,,unlabeled,,unassigned,false,,unreviewed,,
RIFLE_SRC_0067,IMG_4051.JPG,IMG_4051.JPG,air_rifle_10m,1,jpg,3024,3024,1461834,2BD68653BF84733B460DA88C765CB9F13BC5118723CB22486D30358927D9C602,definitely_unseen,,unlabeled,,unassigned,false,,unreviewed,,
RIFLE_SRC_0068,IMG_4052.JPG,IMG_4052.JPG,air_rifle_10m,1,jpg,3024,3024,1493485,B85E71B2962A8ED3C8F9DA99ABF9DA9F310B4102940830D5AE7CCDD1AFE62B40,definitely_unseen,,unlabeled,,unassigned,false,,unreviewed,,
RIFLE_SRC_0069,IMG_4053.JPG,IMG_4053.JPG,air_rifle_10m,1,jpg,3024,3024,1438995,CD1F0E9972F829F67C499ABF4452C3DA1F049045E53B4751E3FA38934CEFBB7C,definitely_unseen,,unlabeled,,unassigned,false,,unreviewed,,
RIFLE_SRC_0070,IMG_4054.JPG,IMG_4054.JPG,air_rifle_10m,1,jpg,3024,3024,1509342,5C8AE1BCBEAE9ED263145F6C617E58136A0EEFC7F97E5565B7B0AC5FB0C1AA73,definitely_unseen,,unlabeled,,unassigned,false,,unreviewed,,
RIFLE_SRC_0071,IMG_4055.JPG,IMG_4055.JPG,air_rifle_10m,1,jpg,3024,3024,1444126,7F86D4CBE2FB65A604C904474878965E16D2545E5F13A8038A1E144F2A71F715,definitely_unseen,,unlabeled,,unassigned,false,,unreviewed,,
RIFLE_SRC_0072,IMG_4056.JPG,IMG_4056.JPG,air_rifle_10m,1,jpg,3024,3024,1461280,02A576B6F5B5953B168CBD00145DE6C42AAE26E7316840A53B527A3811AE0115,definitely_unseen,,unlabeled,,unassigned,false,,unreviewed,,
RIFLE_SRC_0073,IMG_4057.JPG,IMG_4057.JPG,air_rifle_10m,1,jpg,3024,3024,1424992,AB87A5620E5A58FC0CC1A2BA81A431FC34AC22D3F52B5712A57B70F59F3E3B52,definitely_unseen,,unlabeled,,unassigned,false,,unreviewed,,
RIFLE_SRC_0074,IMG_4058.JPG,IMG_4058.JPG,air_rifle_10m,1,jpg,3024,3024,1459688,5688A1B39148CB0BB3FC8B06657FB2762913A53569F6DACE98B30D55BCE39949,definitely_unseen,,unlabeled,,unassigned,false,,unreviewed,,
RIFLE_SRC_0075,IMG_4059.JPG,IMG_4059.JPG,air_rifle_10m,1,jpg,3024,3024,1506925,37674312BB604622D8F6D96CAD10C3C2BC051F7D953A854B65E735538FE2EFE4,definitely_unseen,,unlabeled,,unassigned,false,,unreviewed,,
RIFLE_SRC_0076,IMG_4060.JPG,IMG_4060.JPG,air_rifle_10m,1,jpg,3024,3024,1485087,EDA2C2DB4B6CE0249C8848A6B9AAE6CCC00C0ED2F0E63DA56DF70E3D23FC7BD3,definitely_unseen,,unlabeled,,unassigned,false,,unreviewed,,
RIFLE_SRC_0077,IMG_4061.JPG,IMG_4061.JPG,air_rifle_10m,1,jpg,3024,3024,1431099,DB08DBF1EB7728E157F04F875117F5FCD5F1E4CA247E3BFF2B11BA1505A742E8,definitely_unseen,,unlabeled,,unassigned,false,,unreviewed,,
RIFLE_SRC_0078,IMG_4062.JPG,IMG_4062.JPG,air_rifle_10m,1,jpg,3024,3024,1454572,124B2772EE397E08575C57A6B1AF16988BF1CE0B997AD0F1BADC283CC3E1E135,definitely_unseen,,unlabeled,,unassigned,false,,unreviewed,,
RIFLE_SRC_0079,IMG_4063.JPG,IMG_4063.JPG,air_rifle_10m,1,jpg,3024,3024,1457316,319ECAECEC6F34FC2B1087E5D4A743EEF856549E6BDA13E760A6D8281E37D7A3,definitely_unseen,,unlabeled,,unassigned,false,,unreviewed,,
RIFLE_SRC_0080,IMG_4064.JPG,IMG_4064.JPG,air_rifle_10m,1,jpg,3024,3024,1498803,4210BE533DE13906F751B6247EC5F49C076160A2E74A08E963BCF730EFADD701,definitely_unseen,,unlabeled,,unassigned,false,,unreviewed,,
RIFLE_SRC_0081,IMG_4065.JPG,IMG_4065.JPG,air_rifle_10m,1,jpg,3024,3024,1465623,C8E001DD1819A7573441D0EA0E3D49755A3A9B47497571C118DD590988ACAE15,definitely_unseen,,unlabeled,,unassigned,false,,unreviewed,,
RIFLE_SRC_0082,IMG_4066.JPG,IMG_4066.JPG,air_rifle_10m,1,jpg,3024,3024,1478930,2B74BFB8E9B1C2E44397A16B0D447CE32714D0C190D613ED50953153EABAC050,definitely_unseen,,unlabeled,,unassigned,false,,unreviewed,,
RIFLE_SRC_0083,IMG_4067.JPG,IMG_4067.JPG,air_rifle_10m,1,jpg,3024,3024,1474815,2D23AED4483214C6C0CF7EA5909689116796270CE59A24723B04C811C896E15E,definitely_unseen,,unlabeled,,unassigned,false,,unreviewed,,
RIFLE_SRC_0084,IMG_4068.JPG,IMG_4068.JPG,air_rifle_10m,1,jpg,3024,3024,1445999,0053732763542B1185E00AACCE705EC934AAFE9E2685AEDCCFFA4C6996C66D1E,definitely_unseen,,unlabeled,,unassigned,false,,unreviewed,,
RIFLE_SRC_0085,IMG_4069.JPG,IMG_4069.JPG,air_rifle_10m,1,jpg,3024,3024,1612644,37EF4122EEE8F4E6CC4ED413DA4884EFF7384B99ACFB62A604CA838210C56F03,definitely_unseen,,unlabeled,,unassigned,false,,unreviewed,,
RIFLE_SRC_0086,IMG_4070.JPG,IMG_4070.JPG,air_rifle_10m,1,jpg,3024,3024,1438380,9B5796088AE7DE549A1D3638C76D15B7CFE8F6CB4066C068E26F207D26185BFA,definitely_unseen,,unlabeled,,unassigned,false,,unreviewed,,
RIFLE_SRC_0087,IMG_4071.JPG,IMG_4071.JPG,air_rifle_10m,1,jpg,3024,3024,1464873,E860A258D17F7C14BBC8C388F1F454E41D4C90146A307C86F1A5D23C5F22C1AF,definitely_unseen,,unlabeled,,unassigned,false,,unreviewed,,
RIFLE_SRC_0088,IMG_4072.JPG,IMG_4072.JPG,air_rifle_10m,1,jpg,3024,3024,1497917,CCC71BED3FD14884E0A3BA005EAB942D22310B96CB105D71905D42FE171BBA6B,definitely_unseen,,unlabeled,,unassigned,false,,unreviewed,,
RIFLE_SRC_0089,IMG_4073.JPG,IMG_4073.JPG,air_rifle_10m,1,jpg,3024,3024,1482822,DB616CBEE1AA61A4A9DE8836C5E3E45FDC2C6048DCF53E9E1D502A260200D634,definitely_unseen,,unlabeled,,unassigned,false,,unreviewed,,
RIFLE_SRC_0090,IMG_4074.JPG,IMG_4074.JPG,air_rifle_10m,1,jpg,3024,3024,1454195,99B28A51B4A236B327D7DECBB371556234A773CD04D92834A92D3A83FC35B021,definitely_unseen,,unlabeled,,unassigned,false,,unreviewed,,
RIFLE_SRC_0091,IMG_4075.JPG,IMG_4075.JPG,air_rifle_10m,1,jpg,3024,3024,1442250,1A302E6AF5E731D1EBF97108F0B557F32DBB77ADD0C2D1EC24F3ABA36EC236C0,definitely_unseen,,unlabeled,,unassigned,false,,unreviewed,,
RIFLE_SRC_0092,IMG_4076.JPG,IMG_4076.JPG,air_rifle_10m,1,jpg,3024,3024,1524838,120E4B48D5EDB6B6A91FBDA294BD964240C95D79DDCBA38D312738FA97CAD7EA,definitely_unseen,,unlabeled,,unassigned,false,,unreviewed,,
RIFLE_SRC_0093,IMG_4077.JPG,IMG_4077.JPG,air_rifle_10m,1,jpg,3024,3024,1461058,4C78AEED3DE1A2DF9D0ECD803DDDD044478D80FD304ED1949E09AC57F6BAA53D,definitely_unseen,,unlabeled,,unassigned,false,,unreviewed,,
RIFLE_SRC_0094,IMG_4078.JPG,IMG_4078.JPG,air_rifle_10m,1,jpg,3024,3024,1450710,2E5E48F4BC87631846E8321C1CD8736B3CAACCFC00B59F5226E1444897BF957B,definitely_unseen,,unlabeled,,unassigned,false,,unreviewed,,
RIFLE_SRC_0095,IMG_4079.JPG,IMG_4079.JPG,air_rifle_10m,1,jpg,3024,3024,1487003,1A5DA70D9EFC447B74556FA78AC0EEB19DF36A92415EAE2F939CEB6338FD4D66,definitely_unseen,,unlabeled,,unassigned,false,,unreviewed,,
RIFLE_SRC_0096,IMG_4080.JPG,IMG_4080.JPG,air_rifle_10m,1,jpg,3024,3024,1443107,21068A6BE885D9692CF262B04FD0CA6F8FAAF22EE4778115E3CEFBA3E60659ED,definitely_unseen,,unlabeled,,unassigned,false,,unreviewed,,
RIFLE_SRC_0097,IMG_4081.JPG,IMG_4081.JPG,air_rifle_10m,1,jpg,3024,3024,1446027,0FC50F3FA74B188DA637F408ABD82B484C18310B1DC7B6FE30C740D4185E3065,definitely_unseen,,unlabeled,,unassigned,false,,unreviewed,,
RIFLE_SRC_0098,IMG_4082.JPG,IMG_4082.JPG,air_rifle_10m,1,jpg,3024,3024,1417791,D684C662CD831F9FB8DA5B52AA29497A21D3C887F418198C7F6AEE6523665341,definitely_unseen,,unlabeled,,unassigned,false,,unreviewed,,
RIFLE_SRC_0099,IMG_4083.JPG,IMG_4083.JPG,air_rifle_10m,1,jpg,3024,3024,1426285,070BC9AD7915D88B5E6FF168AFAD983DB6CE1E12917511FF1BE0FDDE351C5067,definitely_unseen,,unlabeled,,unassigned,false,,unreviewed,,
RIFLE_SRC_0100,IMG_4084.JPG,IMG_4084.JPG,air_rifle_10m,1,jpg,3024,3024,1456197,F2D4B6AEB29241BE5BB423470BF85CC73A62D7C54E2FBB7574BB03CEDF9B518D,definitely_unseen,,unlabeled,,unassigned,false,,unreviewed,,
RIFLE_SRC_0101,IMG_4085.JPG,IMG_4085.JPG,air_rifle_10m,1,jpg,3024,3024,1447550,BA35296BCFE3BF2C89E05C12E02F47E8434975AAA8124E3ED0F2BA4D95D2980C,definitely_unseen,,unlabeled,,unassigned,false,,unreviewed,,
RIFLE_SRC_0102,IMG_4086.JPG,IMG_4086.JPG,air_rifle_10m,1,jpg,3024,3024,1441685,8E2BA05099DA1DE2244196BD2FDA1E34C657188EFAD24D2E3341EB6A3572DBCF,definitely_unseen,,unlabeled,,unassigned,false,,unreviewed,,
RIFLE_SRC_0103,IMG_4087.JPG,IMG_4087.JPG,air_rifle_10m,1,jpg,3024,3024,1451657,304256581E99E8AFF709F5A5D191F18620C50851D696DC691685F429D76AA2FB,definitely_unseen,,unlabeled,,unassigned,false,,unreviewed,,
RIFLE_SRC_0104,IMG_4088.JPG,IMG_4088.JPG,air_rifle_10m,1,jpg,3024,3024,1488321,FE1160A9B68E0F543C4049E714B6D9FACEEE2D61178CFC3FAC7C0DA623EEC21A,definitely_unseen,,unlabeled,,unassigned,false,,unreviewed,,
RIFLE_SRC_0105,IMG_4089.JPG,IMG_4089.JPG,air_rifle_10m,1,jpg,3024,3024,1423069,4774A0730A5111FFBC67F76DB4CC68C5438548BD7597EF6238911B31C3EB7994,definitely_unseen,,unlabeled,,unassigned,false,,unreviewed,,
RIFLE_SRC_0106,IMG_4090.JPG,IMG_4090.JPG,air_rifle_10m,1,jpg,3024,3024,1380782,50E83BA35F3D5D8AE55791838A27937862D8EDDAE660CE1512BB02F0F963BDCE,definitely_unseen,,unlabeled,,unassigned,false,,unreviewed,,
RIFLE_SRC_0107,IMG_4091.JPG,IMG_4091.JPG,air_rifle_10m,1,jpg,3024,3024,1449043,870327C8BBBF41638989C3B58AC7A10104D123C0D32E4098437D8F4FA017FBF0,definitely_unseen,,unlabeled,,unassigned,false,,unreviewed,,
RIFLE_SRC_0108,IMG_4092.JPG,IMG_4092.JPG,air_rifle_10m,1,jpg,3024,3024,1617668,94732DEEB0429A44C0C988179FB5DC6183A51B637271025EFF1FE3D3DF7C14BA,definitely_unseen,,unlabeled,,unassigned,false,,unreviewed,,
RIFLE_SRC_0109,IMG_4093.JPG,IMG_4093.JPG,air_rifle_10m,1,jpg,3024,3024,1554396,5E3AD0D9836E184884159466D52D2983CB9B6FAA8E2701F77A3B64E22E1738EB,definitely_unseen,,unlabeled,,unassigned,false,,unreviewed,,
RIFLE_SRC_0110,IMG_4094.JPG,IMG_4094.JPG,air_rifle_10m,1,jpg,3024,3024,1436463,A5F43FD371EC2EA2BF84A770CBF6C292EBAB08C0268165C83B475998E2881987,definitely_unseen,,unlabeled,,unassigned,false,,unreviewed,,
RIFLE_SRC_0111,IMG_4095.JPG,IMG_4095.JPG,air_rifle_10m,1,jpg,3024,3024,1452896,B7EE12B685AEF2D48632DB86921D3C5B911D9FDB69792A0B0A6790FE862E7EA0,definitely_unseen,,unlabeled,,unassigned,false,,unreviewed,,
RIFLE_SRC_0112,IMG_4096.JPG,IMG_4096.JPG,air_rifle_10m,1,jpg,3024,3024,1428318,B1829BCE77C58F29D6AB4781D94C81D4ED905AEE302ACC7D842B7923F492676D,definitely_unseen,,unlabeled,,unassigned,false,,unreviewed,,
RIFLE_SRC_0113,IMG_4097.JPG,IMG_4097.JPG,air_rifle_10m,1,jpg,3024,3024,1425466,A9844B0B4CE2272A3F4E3A0FC2A4B8942D840A251AE82B6814A5E06F0DB896F8,definitely_unseen,,unlabeled,,unassigned,false,,unreviewed,,
RIFLE_SRC_0114,IMG_4098.JPG,IMG_4098.JPG,air_rifle_10m,1,jpg,3024,3024,1443737,01A9189AA709C6997190251E4DE44AD2085F0C5061E3F468EE27C5E554AC376E,definitely_unseen,,unlabeled,,unassigned,false,,unreviewed,,
RIFLE_SRC_0115,IMG_4099.JPG,IMG_4099.JPG,air_rifle_10m,1,jpg,3024,3024,1503046,CEDBA3A6D50ABFB1F5C9148CE20CEBECFBF4662F83327C6863194187BEBAC35E,definitely_unseen,,unlabeled,,unassigned,false,,unreviewed,,
RIFLE_SRC_0116,IMG_4100.JPG,IMG_4100.JPG,air_rifle_10m,1,jpg,3024,3024,1431297,A6CF47B935AC630C927C8FD619EE65A36CEDCA987A0336DFDBEB92F1A2D9685C,definitely_unseen,,unlabeled,,unassigned,false,,unreviewed,,
RIFLE_SRC_0117,IMG_4101.JPG,IMG_4101.JPG,air_rifle_10m,1,jpg,3024,3024,1387543,CB4D6045FA092BDCB1FD21728A000EF9B40054776B388E0D61E474516BBF3E93,definitely_unseen,,unlabeled,,unassigned,false,,unreviewed,,
RIFLE_SRC_0118,IMG_4102.JPG,IMG_4102.JPG,air_rifle_10m,1,jpg,3024,3024,1446001,627459EEAA7115DCCCE9BA37E58B7CB7845B4060AC646335AF99E5CAD9CDD3E5,definitely_unseen,,unlabeled,,unassigned,false,,unreviewed,,
RIFLE_SRC_0119,IMG_4103.JPG,IMG_4103.JPG,air_rifle_10m,1,jpg,3024,3024,1478492,75A17CA48215DE7260ACE989E3BB591A5E9CEE29C9417E09D6431848AC3DDFE6,definitely_unseen,,unlabeled,,unassigned,false,,unreviewed,,
RIFLE_SRC_0120,IMG_4104.JPG,IMG_4104.JPG,air_rifle_10m,1,jpg,3024,3024,1496824,EBB2A4C196EE38FD0685B945D775766318A698A6BD5A9CA799E4173B0C7A9FD3,definitely_unseen,,unlabeled,,unassigned,false,,unreviewed,,
RIFLE_SRC_0121,IMG_4105.JPG,IMG_4105.JPG,air_rifle_10m,1,jpg,3024,3024,1526065,A8CF8241609C5613C70C8F77D9AF8E225E1AF5F389A7409DFB84FE9E9255EE5A,definitely_unseen,,unlabeled,,unassigned,false,,unreviewed,,
RIFLE_SRC_0122,IMG_4106.JPG,IMG_4106.JPG,air_rifle_10m,1,jpg,3024,3024,1462976,6D11D380FC34CA11BD45E526D9B6739354E1FD09029D36DB89BB277613FFBD71,definitely_unseen,,unlabeled,,unassigned,false,,unreviewed,,
RIFLE_SRC_0123,IMG_4107.JPG,IMG_4107.JPG,air_rifle_10m,1,jpg,3024,3024,1454798,9C5D1FF86A044F78CF73D9B2815F11AECB9D0DFDE2529B3EFFD5039A36E4DA0E,definitely_unseen,,unlabeled,,unassigned,false,,unreviewed,,
RIFLE_SRC_0124,IMG_4108.JPG,IMG_4108.JPG,air_rifle_10m,1,jpg,3024,3024,1446193,4C38A9DFD5751611AA1727F7A43BBFDCA8389CCBEC73B2246871C70117046BE3,definitely_unseen,,unlabeled,,unassigned,false,,unreviewed,,
RIFLE_SRC_0125,IMG_4109.JPG,IMG_4109.JPG,air_rifle_10m,1,jpg,3024,3024,1456758,39BE6C8977926E7910C937786208C2B1003933CC9DA769BB0A3B7B437455A903,definitely_unseen,,unlabeled,,unassigned,false,,unreviewed,,
RIFLE_SRC_0126,IMG_4110.JPG,IMG_4110.JPG,air_rifle_10m,1,jpg,3024,3024,1437441,04E96AD87860DD80C5E3E1E8B3288294902E02F61BCF4FEBE9984FAD900B6E98,definitely_unseen,,unlabeled,,unassigned,false,,unreviewed,,
RIFLE_SRC_0127,IMG_4111.JPG,IMG_4111.JPG,air_rifle_10m,1,jpg,3024,3024,1461506,3C2CCC02ADDE97529CCBBD9328BD917539E0CAD3BB4A8FB5DB5CCD04BEA40B88,definitely_unseen,,unlabeled,,unassigned,false,,unreviewed,,
RIFLE_SRC_0128,IMG_4112.JPG,IMG_4112.JPG,air_rifle_10m,1,jpg,3024,3024,1473923,24C9B7AC7599602B3FA86D25425F8E948F1A1DE05BC2D7DC99E0B83E66A5026B,definitely_unseen,,unlabeled,,unassigned,false,,unreviewed,,
RIFLE_SRC_0129,IMG_4113.JPG,IMG_4113.JPG,air_rifle_10m,1,jpg,3024,3024,1459402,90F04349D62FFB1133E41C47AA931628FF5191C810F40E603ABCBFB25C5AB84E,definitely_unseen,,unlabeled,,unassigned,false,,unreviewed,,
RIFLE_SRC_0130,IMG_4114.JPG,IMG_4114.JPG,air_rifle_10m,1,jpg,3024,3024,1477154,6702737A100BBD7D990FA260104D9AD9EE6E20767BE0767D80DE14CACBA27CA3,definitely_unseen,,unlabeled,,unassigned,false,,unreviewed,,
RIFLE_SRC_0131,IMG_4115.JPG,IMG_4115.JPG,air_rifle_10m,1,jpg,3024,3024,1495110,FD504FDDB370D64261C222443E3408D13EC95D4EFBAFFD588C5576212D32FAA0,definitely_unseen,,unlabeled,,unassigned,false,,unreviewed,,
RIFLE_SRC_0132,IMG_4116.JPG,IMG_4116.JPG,air_rifle_10m,1,jpg,3024,3024,1501351,503496BEFB13B46CA8D9683197DFEB53E888A7C9F03F5EB4D0C764B539B22BE0,definitely_unseen,,unlabeled,,unassigned,false,,unreviewed,,
RIFLE_SRC_0133,IMG_4117.JPG,IMG_4117.JPG,air_rifle_10m,1,jpg,3024,3024,1426993,7BCAE708C0EAEFCD6DD5C7129A5FB64AC20732D5980F2A44609069C937EEFD93,definitely_unseen,,unlabeled,,unassigned,false,,unreviewed,,
RIFLE_SRC_0134,IMG_4118.JPG,IMG_4118.JPG,air_rifle_10m,1,jpg,3024,3024,1470049,74CD4FBB89BEE1404915B9FE4CED1EB2A084D1A00B781568BE4D9C2D5289E1F1,definitely_unseen,,unlabeled,,unassigned,false,,unreviewed,,
RIFLE_SRC_0135,IMG_4119.JPG,IMG_4119.JPG,air_rifle_10m,1,jpg,3024,3024,1496437,439FCC5BC7F0B9DC53AA445EDAA30F9256739623A887AE2724631E428FCB7923,definitely_unseen,,unlabeled,,unassigned,false,,unreviewed,,
RIFLE_SRC_0136,IMG_4120.JPG,IMG_4120.JPG,air_rifle_10m,1,jpg,3024,3024,1449839,64CAC2D6721CAFB1500F6A6027779B946688F6566E7A4DEAC19DD0591554EF7E,definitely_unseen,,unlabeled,,unassigned,false,,unreviewed,,
RIFLE_SRC_0137,IMG_4121.JPG,IMG_4121.JPG,air_rifle_10m,1,jpg,3024,3024,1507401,EC8EBCCE8AD642C437A17B54285162D2C8133D46D3F9A548769FA2F3C778BC50,definitely_unseen,,unlabeled,,unassigned,false,,unreviewed,,
RIFLE_SRC_0138,IMG_4122.JPG,IMG_4122.JPG,air_rifle_10m,1,jpg,3024,3024,1468218,97A969F70554F6AD4696B690219CA9BE420227F009B661905CD6630461CDD0B9,definitely_unseen,,unlabeled,,unassigned,false,,unreviewed,,
RIFLE_SRC_0139,IMG_4123.JPG,IMG_4123.JPG,air_rifle_10m,1,jpg,3024,3024,1449006,E04604B08D301FE43701043592339AFCEF37063558DA6370C14483B804450EE0,definitely_unseen,,unlabeled,,unassigned,false,,unreviewed,,
RIFLE_SRC_0140,IMG_4124.JPG,IMG_4124.JPG,air_rifle_10m,1,jpg,3024,3024,1395572,225FD71BC3B2DB608D8318770ACA691746D026C1AF4E06E930C09B67897C51BF,definitely_unseen,,unlabeled,,unassigned,false,,unreviewed,,
RIFLE_SRC_0141,IMG_4125.JPG,IMG_4125.JPG,air_rifle_10m,1,jpg,3024,3024,1584464,F6F2404D96EF7DFFA0511E36B0F8E561874925B841647C2DF846B16E2FDEF5CF,definitely_unseen,,unlabeled,,unassigned,false,,unreviewed,,
RIFLE_SRC_0142,IMG_4126.JPG,IMG_4126.JPG,air_rifle_10m,1,jpg,3024,3024,1451366,9FB81D1F093968A18C303CFE15F626F12C504B2D7009A8911F6533533504C686,definitely_unseen,,unlabeled,,unassigned,false,,unreviewed,,
RIFLE_SRC_0143,IMG_4127.JPG,IMG_4127.JPG,air_rifle_10m,1,jpg,3024,3024,1446588,CB76171DC134A0DE76CA83D1A070C0B03761DC3966F61DA0A22AFD8EE9A1CE5F,definitely_unseen,,unlabeled,,unassigned,false,,unreviewed,,
RIFLE_SRC_0144,IMG_4128.JPG,IMG_4128.JPG,air_rifle_10m,1,jpg,3024,3024,1402242,4E52D691544A1780347BE962977FBC8639393E740516A7C44229CADB340E357A,definitely_unseen,,unlabeled,,unassigned,false,,unreviewed,,
RIFLE_SRC_0145,IMG_4129.JPG,IMG_4129.JPG,air_rifle_10m,1,jpg,3024,3024,1428236,4032CE18108CB4A13D17DC1A01E2FE18BD4BAE97FF68012731C8F31C4857A265,definitely_unseen,,unlabeled,,unassigned,false,,unreviewed,,
RIFLE_SRC_0146,IMG_4130.JPG,IMG_4130.JPG,air_rifle_10m,1,jpg,3024,3024,1476045,F92376B5637B24392078C2F64B037DC696623E69B3CB9591C08A1EF589323E4E,definitely_unseen,,unlabeled,,unassigned,false,,unreviewed,,
RIFLE_SRC_0147,IMG_4131.JPG,IMG_4131.JPG,air_rifle_10m,1,jpg,3024,3024,1316854,DBF8FFCE97995AF11D305AA61B26C3EE698A8745D5588511CDE70D35D9C3D196,definitely_unseen,,unlabeled,,unassigned,false,,unreviewed,,
RIFLE_SRC_0148,IMG_4132.JPG,IMG_4132.JPG,air_rifle_10m,1,jpg,3024,3024,1440391,C1C879F31C23C8D8BAC053AC1BA37F27B9D536A8763BE485655FC804336F36C5,definitely_unseen,,unlabeled,,unassigned,false,,unreviewed,,
RIFLE_SRC_0149,IMG_4133.JPG,IMG_4133.JPG,air_rifle_10m,1,jpg,3024,3024,1399326,6BA85973AF472BB339B62F477206EFA76BCCDB202F4A67898C04BD73DA01933C,definitely_unseen,,unlabeled,,unassigned,false,,unreviewed,,
RIFLE_SRC_0150,IMG_4134.JPG,IMG_4134.JPG,air_rifle_10m,1,jpg,3024,3024,1579199,EEC3D71033348A802FF43026AC13290F23135341A0FEA94B75F0A717763F4683,definitely_unseen,,unlabeled,,unassigned,false,,unreviewed,,
RIFLE_SRC_0151,IMG_4135.JPG,IMG_4135.JPG,air_rifle_10m,1,jpg,3024,3024,1423611,D75453307609B2C5B047557266AA3E8815F666A44BA66EB136BF155A3589A0FA,definitely_unseen,,unlabeled,,unassigned,false,,unreviewed,,
RIFLE_SRC_0152,IMG_4136.JPG,IMG_4136.JPG,air_rifle_10m,1,jpg,3024,3024,1459487,4EDA9EF707CE5FED9B837BD0CF8BE6DDBB39C148F45E9FF6DDAAECB1D44FA949,definitely_unseen,,unlabeled,,unassigned,false,,unreviewed,,
RIFLE_SRC_0153,IMG_4137.JPG,IMG_4137.JPG,air_rifle_10m,1,jpg,3024,3024,1414708,4F649D1524BC6B7BE265FD4D94F574C9D7A060FB20B9BBAD37C4B6E79110DAF0,definitely_unseen,,unlabeled,,unassigned,false,,unreviewed,,
RIFLE_SRC_0154,IMG_4138.JPG,IMG_4138.JPG,air_rifle_10m,1,jpg,3024,3024,1371267,180AD549FC770A200656DD0DC316A50DEA1729BE4DD567AAAAE5A9CB62F0F363,definitely_unseen,,unlabeled,,unassigned,false,,unreviewed,,
RIFLE_SRC_0155,IMG_4139.JPG,IMG_4139.JPG,air_rifle_10m,1,jpg,3024,3024,1410369,94FE8748492AAE02B2C263AE1940DF1C6027617418A91E51848FDAEFBD79DE59,definitely_unseen,,unlabeled,,unassigned,false,,unreviewed,,
RIFLE_SRC_0156,IMG_4140.JPG,IMG_4140.JPG,air_rifle_10m,1,jpg,3024,3024,1365011,C257AA672A644D5CFF742E9EFC0F24181F4B84821C44F086FAC838C566CE605F,definitely_unseen,,unlabeled,,unassigned,false,,unreviewed,,
RIFLE_SRC_0157,IMG_4141.JPG,IMG_4141.JPG,air_rifle_10m,1,jpg,3024,3024,1400237,331BF16F222CA667A86CCBF60C258108534EBF2E21CCD9F221BED44921452F33,definitely_unseen,,unlabeled,,unassigned,false,,unreviewed,,
RIFLE_SRC_0158,IMG_4142.JPG,IMG_4142.JPG,air_rifle_10m,1,jpg,3024,3024,1441908,725344B414BF1AF6E30CFD7B979620BB1501AD73A354A95FF7F18199E00D53D2,definitely_unseen,,unlabeled,,unassigned,false,,unreviewed,,
RIFLE_SRC_0159,IMG_4143.JPG,IMG_4143.JPG,air_rifle_10m,1,jpg,3024,3024,1425787,B6EF4EF1DBE9CF3C3B4CFAFF6EE9F153B7FF8EA08E070F68FA3A7ABADE5EFAA7,definitely_unseen,,unlabeled,,unassigned,false,,unreviewed,,
RIFLE_SRC_0160,IMG_4144.JPG,IMG_4144.JPG,air_rifle_10m,1,jpg,3024,3024,1448047,34B4D002AA6E9BF85A659B962A58B28CD354F70AC1203F668409CCD2B7FD9507,definitely_unseen,,unlabeled,,unassigned,false,,unreviewed,,
RIFLE_SRC_0161,IMG_4145.JPG,IMG_4145.JPG,air_rifle_10m,1,jpg,3024,3024,1440760,CA9C3C2E75EEEE6E3998178C1DBD2E34872BF1102C4C09EE7185EFF3EF4DF0DA,definitely_unseen,,unlabeled,,unassigned,false,,unreviewed,,
RIFLE_SRC_0162,IMG_4146.JPG,IMG_4146.JPG,air_rifle_10m,1,jpg,3024,3024,1454187,28DA818E55C062E9A6D2113CF641AD2CDC1667F88AFB3A91675A4D87EC8941BB,definitely_unseen,,unlabeled,,unassigned,false,,unreviewed,,
RIFLE_SRC_0163,IMG_4147.JPG,IMG_4147.JPG,air_rifle_10m,1,jpg,3024,3024,1427358,41046377816A9970E012C14F28BFE18780B1425293FB7653531C9C6A3608B9C4,definitely_unseen,,unlabeled,,unassigned,false,,unreviewed,,
RIFLE_SRC_0164,IMG_4148.JPG,IMG_4148.JPG,air_rifle_10m,1,jpg,3024,3024,1445521,779F9690BCAE8E0B783E73368C11240B70B22F0E09BA9F193B8FC68929E6D5AB,definitely_unseen,,unlabeled,,unassigned,false,,unreviewed,,
RIFLE_SRC_0165,IMG_4149.JPG,IMG_4149.JPG,air_rifle_10m,1,jpg,3024,3024,1441518,3DFF5398947D0B1D456BABBCA1658DECFC81795E9EF720B3436D9C1014B9372C,definitely_unseen,,unlabeled,,unassigned,false,,unreviewed,,
RIFLE_SRC_0166,IMG_4150.JPG,IMG_4150.JPG,air_rifle_10m,1,jpg,3024,3024,1435012,D4A240073F37D997C9B0CAF7809B17111B2E021B9F0D81A27D4AC6CB2DDED801,definitely_unseen,,unlabeled,,unassigned,false,,unreviewed,,
RIFLE_SRC_0167,IMG_4151.JPG,IMG_4151.JPG,air_rifle_10m,1,jpg,3024,3024,1337647,703BB6432B9C3EAA6D514C713F9EE79E98191A70DA737CB8927E937DBA5DADD4,definitely_unseen,,unlabeled,,unassigned,false,,unreviewed,,
RIFLE_SRC_0168,IMG_4152.JPG,IMG_4152.JPG,air_rifle_10m,1,jpg,3024,3024,1433669,1F2DD47BFC9AB40C7D20A7B5BAB92F301E435EEEE68720ABE4A4F09E520C5BFA,definitely_unseen,,unlabeled,,unassigned,false,,unreviewed,,
RIFLE_SRC_0169,IMG_4153.JPG,IMG_4153.JPG,air_rifle_10m,1,jpg,3024,3024,1446140,0FD34776FFBF4D803DD081D09231D801899ABFFF2C677A429E0CD8DE7FC36290,definitely_unseen,,unlabeled,,unassigned,false,,unreviewed,,
RIFLE_SRC_0170,IMG_4154.JPG,IMG_4154.JPG,air_rifle_10m,1,jpg,3024,3024,1460668,F69EA7151B329011CBB9DD23298A74D2FD2C50B7AE25D2EBFFD693EAE476F48F,definitely_unseen,,unlabeled,,unassigned,false,,unreviewed,,
RIFLE_SRC_0171,IMG_4155.JPG,IMG_4155.JPG,air_rifle_10m,1,jpg,3024,3024,1475296,2DC9DDF1C2FB440F04BC4058D88A6C60188A908AA8F1BEAD2C43609F73D2579F,definitely_unseen,,unlabeled,,unassigned,false,,unreviewed,,
RIFLE_SRC_0172,IMG_4156.JPG,IMG_4156.JPG,air_rifle_10m,1,jpg,3024,3024,1497576,DD6728170FFCBD306DA5AD61436C63581E2E44086BC5CAFF0419AF6C010631C8,definitely_unseen,,unlabeled,,unassigned,false,,unreviewed,,
RIFLE_SRC_0173,IMG_4157.JPG,IMG_4157.JPG,air_rifle_10m,1,jpg,3024,3024,1664424,E7C8DFE5746B9D380010AEC6CFFDE38688B41A86D512D5C6C91F4EA1C7DD24BF,definitely_unseen,,unlabeled,,unassigned,false,,unreviewed,,
RIFLE_SRC_0174,IMG_4158.JPG,IMG_4158.JPG,air_rifle_10m,1,jpg,3024,3024,1461109,AC4B681DDE0F104692B8F3C37BF68864D38F90F08351C07C05DEC1382436C4F2,definitely_unseen,,unlabeled,,unassigned,false,,unreviewed,,
RIFLE_SRC_0175,IMG_4159.JPG,IMG_4159.JPG,air_rifle_10m,1,jpg,3024,3024,1496693,D8D725D554788BCFA5C2FADD2101DD2EFD022AB8D03E0544813ADEE63528E01B,definitely_unseen,,unlabeled,,unassigned,false,,unreviewed,,
RIFLE_SRC_0176,IMG_4160.JPG,IMG_4160.JPG,air_rifle_10m,1,jpg,3024,3024,1447548,6D86014B163A685E740C3F00EB1016D423EB03E3BE6766CB97B4A1D341B217B3,definitely_unseen,,unlabeled,,unassigned,false,,unreviewed,,
RIFLE_SRC_0177,IMG_4161.JPG,IMG_4161.JPG,air_rifle_10m,1,jpg,3024,3024,1618791,17A7E3C8A980A91238760CA7C1F0F5D09277381CB5796BB423B73A7FC340CCA9,definitely_unseen,,unlabeled,,unassigned,false,,unreviewed,,
RIFLE_SRC_0178,IMG_4162.JPG,IMG_4162.JPG,air_rifle_10m,1,jpg,3024,3024,1413435,404574CB291F4873855D0B2D3C2384DC2080BD8B37B933DBD2452D04F29CFEE9,definitely_unseen,,unlabeled,,unassigned,false,,unreviewed,,
RIFLE_SRC_0179,IMG_4163.JPG,IMG_4163.JPG,air_rifle_10m,1,jpg,3024,3024,1519924,FD3E249D3476F0109D8D1C91214BAAED8ECC238B45FDE59EB4716F3C178D1A6E,definitely_unseen,,unlabeled,,unassigned,false,,unreviewed,,
RIFLE_SRC_0180,IMG_4164.JPG,IMG_4164.JPG,air_rifle_10m,1,jpg,3024,3024,1414227,099F06CB04A950755D6137DE2F6752B65429C9DED5F508242EB14326AA8CE467,definitely_unseen,,unlabeled,,unassigned,false,,unreviewed,,
RIFLE_SRC_0181,IMG_4165.JPG,IMG_4165.JPG,air_rifle_10m,1,jpg,3024,3024,1449917,F9092A412573B0CD9F7B68868DA7F1D5093BDD0197F22D99BEDD2D8879793110,definitely_unseen,,unlabeled,,unassigned,false,,unreviewed,,
RIFLE_SRC_0182,IMG_4166.JPG,IMG_4166.JPG,air_rifle_10m,1,jpg,3024,3024,1498000,DA9D06670957FD02934271A52EBDA0F375BB181503347D464BED99B1FBE632B6,definitely_unseen,,unlabeled,,unassigned,false,,unreviewed,,
RIFLE_SRC_0183,IMG_4167.JPG,IMG_4167.JPG,air_rifle_10m,1,jpg,3024,3024,1426993,D14C1568E15A03CD48CC650612F2734D53C2A76E5D801C55FED02BA3602F3440,definitely_unseen,,unlabeled,,unassigned,false,,unreviewed,,
RIFLE_SRC_0184,IMG_4168.JPG,IMG_4168.JPG,air_rifle_10m,1,jpg,3024,3024,1439295,31E3D4EDF8DA7C3F55232CBF2B2FC29A5B8B6F9B61C729D72A07C90A0D3695C9,definitely_unseen,,unlabeled,,unassigned,false,,unreviewed,,
RIFLE_SRC_0185,IMG_4169.JPG,IMG_4169.JPG,air_rifle_10m,1,jpg,3024,3024,1476231,451388780415E3659FD3A70831896F8D40F0751130B22BFD0626936FAD3BAD61,definitely_unseen,,unlabeled,,unassigned,false,,unreviewed,,
RIFLE_SRC_0186,IMG_4170.JPG,IMG_4170.JPG,air_rifle_10m,1,jpg,3024,3024,1463375,2E482083D6890808B6A3603ED045C09A04BA07E16264289418B2C18B35C16C4F,definitely_unseen,,unlabeled,,unassigned,false,,unreviewed,,
RIFLE_SRC_0187,IMG_4171.JPG,IMG_4171.JPG,air_rifle_10m,1,jpg,3024,3024,1451882,B57DB1DCA5D8F24669447C4A46FC121F595E7202CEB7837AC0418A8F52031237,definitely_unseen,,unlabeled,,unassigned,false,,unreviewed,,
RIFLE_SRC_0188,IMG_4172.JPG,IMG_4172.JPG,air_rifle_10m,1,jpg,3024,3024,1459955,BF565ED2BDF8E4CE251FAE1D6E2039387C56866D7E3C1AF226ABB683B1049FDB,definitely_unseen,,unlabeled,,unassigned,false,,unreviewed,,
RIFLE_SRC_0189,IMG_4173.JPG,IMG_4173.JPG,air_rifle_10m,1,jpg,3024,3024,1483413,36E082FD7B4F4CCC392EF2780A04D4BACB837622F767DE5C7ED6DEA84BFAD665,definitely_unseen,,unlabeled,,unassigned,false,,unreviewed,,
RIFLE_SRC_0190,IMG_4174.JPG,IMG_4174.JPG,air_rifle_10m,1,jpg,3024,3024,1416018,0671DDB7AD2D3230FBE261F8E71F551F8F7E10CAF59B9E0B973CEF0BB8A3D215,definitely_unseen,,unlabeled,,unassigned,false,,unreviewed,,
RIFLE_SRC_0191,IMG_4175.JPG,IMG_4175.JPG,air_rifle_10m,1,jpg,3024,3024,1356352,62917AED3DB1BADCBAAD8D4D9BD2D59176D1151ED0ACB60E0953294E8E42CC1B,definitely_unseen,,unlabeled,,unassigned,false,,unreviewed,,
RIFLE_SRC_0192,IMG_4176.JPG,IMG_4176.JPG,air_rifle_10m,1,jpg,3024,3024,1374097,48D3025DA4DC493C75B7D157C6C9267EC05D13AF41A4BFF568638795763F5228,definitely_unseen,,unlabeled,,unassigned,false,,unreviewed,,
RIFLE_SRC_0193,IMG_4177.JPG,IMG_4177.JPG,air_rifle_10m,1,jpg,3024,3024,1495522,7CC747BC22A80EA2190EF557851015D25CAA5091C66E6D1C5E37B5DBEC9188E7,definitely_unseen,,unlabeled,,unassigned,false,,unreviewed,,
RIFLE_SRC_0194,IMG_4178.JPG,IMG_4178.JPG,air_rifle_10m,1,jpg,3024,3024,1482515,23AD7C53B048AB733D63F48F540089717271C6989604A26A3F0E9F058F11CD1B,definitely_unseen,,unlabeled,,unassigned,false,,unreviewed,,
RIFLE_SRC_0195,IMG_4179.JPG,IMG_4179.JPG,air_rifle_10m,1,jpg,3024,3024,1505977,F97DB6422BE8E2848C6DD96FDAC46DAC0A97BBE2F8EBE4CBFC63EF47EFA4080D,definitely_unseen,,unlabeled,,unassigned,false,,unreviewed,,
RIFLE_SRC_0196,IMG_4180.JPG,IMG_4180.JPG,air_rifle_10m,1,jpg,3024,3024,1488255,FB9FADB3AA213955CA7E251B7D31CE911E250AF9019641F9C3FDBC2FDA4DFAFE,definitely_unseen,,unlabeled,,unassigned,false,,unreviewed,,
RIFLE_SRC_0197,IMG_4181.JPG,IMG_4181.JPG,air_rifle_10m,1,jpg,3024,3024,1463427,A4AA5758CD51BA444F5A55902BFF5EB18EB72B002FF2655448B72C9E96994A46,definitely_unseen,,unlabeled,,unassigned,false,,unreviewed,,
RIFLE_SRC_0198,IMG_4182.JPG,IMG_4182.JPG,air_rifle_10m,1,jpg,3024,3024,1680146,1A7637501E63999BCD848CB6C1972E374A956DCE2629A63D101E62CFBEAE57E2,definitely_unseen,,unlabeled,,unassigned,false,,unreviewed,,
RIFLE_SRC_0199,IMG_4183.JPG,IMG_4183.JPG,air_rifle_10m,1,jpg,3024,3024,1481862,DA9601A87543357D93B66C1EEA01EFAB02E6129D9C5F824CC42D10147168AF43,definitely_unseen,,unlabeled,,unassigned,false,,unreviewed,,
RIFLE_SRC_0200,IMG_4184.JPG,IMG_4184.JPG,air_rifle_10m,1,jpg,3024,3024,1452280,629E628E5546339123B53F0F0EF5C3D69C6C459D8FAB899F32C2C653D0AEA958,definitely_unseen,,unlabeled,,unassigned,false,,unreviewed,,
RIFLE_SRC_0201,IMG_4185.JPG,IMG_4185.JPG,air_rifle_10m,1,jpg,3024,3024,1513567,9F2DEEBAA6D007560783D3168C28DCFBB6EF9B0029BB2FC2A4F91ADFE947314B,definitely_unseen,,unlabeled,,unassigned,false,,unreviewed,,
RIFLE_SRC_0202,IMG_4186.JPG,IMG_4186.JPG,air_rifle_10m,1,jpg,3024,3024,1424477,91CC6E17E5BAC9FF5B6C0B20E2373C95ED8E68D4158753C25F1C116FF3A73E79,definitely_unseen,,unlabeled,,unassigned,false,,unreviewed,,
RIFLE_SRC_0203,IMG_4187.JPG,IMG_4187.JPG,air_rifle_10m,1,jpg,3024,3024,1439637,445B1BC731D252D09D5334813D508B3653A9150CD384BDA7435CFE8BCC842031,definitely_unseen,,unlabeled,,unassigned,false,,unreviewed,,
RIFLE_SRC_0204,IMG_4188.JPG,IMG_4188.JPG,air_rifle_10m,1,jpg,3024,3024,1438613,71BD95025575EE697C7300A95FAE2AB7D10054F70716FDD563C343E4FE0B5677,definitely_unseen,,unlabeled,,unassigned,false,,unreviewed,,
RIFLE_SRC_0205,IMG_4189.JPG,IMG_4189.JPG,air_rifle_10m,1,jpg,3024,3024,1515901,FF631BE259F62CB546755FE0D3C5520122852CC58111D76147F9EB4D910B7B1D,definitely_unseen,,unlabeled,,unassigned,false,,unreviewed,,
RIFLE_SRC_0206,IMG_4190.JPG,IMG_4190.JPG,air_rifle_10m,1,jpg,3024,3024,1367116,CB235A3AB92A65594585733D367EC02D329B65DFA292E789FBEF7F06B206CCFF,definitely_unseen,,unlabeled,,unassigned,false,,unreviewed,,
RIFLE_SRC_0207,IMG_4191.JPG,IMG_4191.JPG,air_rifle_10m,1,jpg,3024,3024,1368545,8B825E6DDED341BFAAD65EBE2AF7D1BB106DA24A95F04306869BA32C641AA31F,definitely_unseen,,unlabeled,,unassigned,false,,unreviewed,,
RIFLE_SRC_0208,IMG_4192.JPG,IMG_4192.JPG,air_rifle_10m,1,jpg,3024,3024,1395248,09D6F67F7263A39A4B37BBDC76E374FB8FF104AC1CDA3A4F88FFF6B90A51508C,definitely_unseen,,unlabeled,,unassigned,false,,unreviewed,,
RIFLE_SRC_0209,IMG_4193.JPG,IMG_4193.JPG,air_rifle_10m,1,jpg,3024,3024,1409875,7FEA5CD6C75EDB1E4D56FEA45D42DBEB421DFF0E409C57E2D79F07041A4EFC00,definitely_unseen,,unlabeled,,unassigned,false,,unreviewed,,
RIFLE_SRC_0210,IMG_4194.JPG,IMG_4194.JPG,air_rifle_10m,1,jpg,3024,3024,1448223,A991DF47CE6EBEED6125401CC8C91044CF141574113C0A25170267D38F743963,definitely_unseen,,unlabeled,,unassigned,false,,unreviewed,,
RIFLE_SRC_0211,IMG_4195.JPG,IMG_4195.JPG,air_rifle_10m,1,jpg,3024,3024,1474767,FE85D611877FACFCEBC5FB9F7FCB99C839F20E9EFA0CF85DBCAEB8BA585BC1AC,definitely_unseen,,unlabeled,,unassigned,false,,unreviewed,,
RIFLE_SRC_0212,IMG_4196.JPG,IMG_4196.JPG,air_rifle_10m,1,jpg,3024,3024,1380610,E63968017097A283D0103C4F93DDFBF681FC092DEBC39BAB515A118A8A544E8A,definitely_unseen,,unlabeled,,unassigned,false,,unreviewed,,
RIFLE_SRC_0213,IMG_4197.JPG,IMG_4197.JPG,air_rifle_10m,1,jpg,3024,3024,1417335,9A47948D45953EDAA9BFC5061209A8BC2BD24C3659F4E3B4AD2DD628AB562EC8,definitely_unseen,,unlabeled,,unassigned,false,,unreviewed,,
RIFLE_SRC_0214,IMG_4198.JPG,IMG_4198.JPG,air_rifle_10m,1,jpg,3024,3024,1622949,D1E471291CB289FB28EC3910F9D480A4359F3B605787D6DC32C92A423C0505CF,definitely_unseen,,unlabeled,,unassigned,false,,unreviewed,,
RIFLE_SRC_0215,IMG_4199.JPG,IMG_4199.JPG,air_rifle_10m,1,jpg,3024,3024,1437246,D7B32AF69298D93D2B26E87774B59FD63779267924D1DE37A0E3BCEE0F3A04D2,definitely_unseen,,unlabeled,,unassigned,false,,unreviewed,,
RIFLE_SRC_0216,IMG_4200.JPG,IMG_4200.JPG,air_rifle_10m,1,jpg,3024,3024,1424355,7856E687E77667EAE8509F74D34BF42CC207D071760007E5497EC4BD6AFB026B,definitely_unseen,,unlabeled,,unassigned,false,,unreviewed,,
RIFLE_SRC_0217,IMG_4201.JPG,IMG_4201.JPG,air_rifle_10m,1,jpg,3024,3024,1410965,2DF04449E1CC4D39E31FAE91C75DBCC94EF1F8D1C2C95C7F683BD677A0552C58,definitely_unseen,,unlabeled,,unassigned,false,,unreviewed,,
RIFLE_SRC_0218,IMG_4202.JPG,IMG_4202.JPG,air_rifle_10m,1,jpg,3024,3024,1369159,7E1956B669A190FABBE2D55CDCB0DDF111F8BAEF4363AD405A472E92AD8E76DA,definitely_unseen,,unlabeled,,unassigned,false,,unreviewed,,
RIFLE_SRC_0219,IMG_4203.JPG,IMG_4203.JPG,air_rifle_10m,1,jpg,3024,3024,1326868,FCD4FFF4439817CF47FA5AC2865769136DA8E6F4A405CCE2C31E887734F140D4,definitely_unseen,,unlabeled,,unassigned,false,,unreviewed,,
RIFLE_SRC_0220,IMG_4204.JPG,IMG_4204.JPG,air_rifle_10m,1,jpg,3024,3024,1375607,BB2C337BC40E07E5CF0C39CEE40CCC0470951F232E0DD0553929EBC4A3C937B5,definitely_unseen,,unlabeled,,unassigned,false,,unreviewed,,
RIFLE_SRC_0221,IMG_4205.JPG,IMG_4205.JPG,air_rifle_10m,1,jpg,3024,3024,1561048,49AA3F8B162A0544A5D109186D9D2E072913139A3C9FAA43401F681A58013DEA,definitely_unseen,,unlabeled,,unassigned,false,,unreviewed,,
RIFLE_SRC_0222,IMG_4206.JPG,IMG_4206.JPG,air_rifle_10m,1,jpg,3024,3024,1538469,BA443C6FA8F22ED961A683412E7045B4FAC6AE1FE4C3987C77EEBF1307A2635D,definitely_unseen,,unlabeled,,unassigned,false,,unreviewed,,
RIFLE_SRC_0223,IMG_4208.JPG,IMG_4208.JPG,air_rifle_10m,1,jpg,3024,3024,1625441,73AE9B1E7E2441A71938E7A2210BA0954B1D31E54F8EB0ECF776DC4B4D258835,definitely_unseen,,unlabeled,,unassigned,false,,unreviewed,,
RIFLE_SRC_0224,IMG_4209.JPG,IMG_4209.JPG,air_rifle_10m,1,jpg,3024,3024,1632618,4E2D952995BCA95F0A64620A7E64FCF7613935F4E2538A03E6D2169ED1957BB4,definitely_unseen,,unlabeled,,unassigned,false,,unreviewed,,
RIFLE_SRC_0225,IMG_4210.JPG,IMG_4210.JPG,air_rifle_10m,1,jpg,3024,3024,1593118,D60EA546CFA0D3C62D00A9B7A3344932FD68A7AA4A672C9465404562B5755691,definitely_unseen,,unlabeled,,unassigned,false,,unreviewed,,
RIFLE_SRC_0226,IMG_4211.JPG,IMG_4211.JPG,air_rifle_10m,1,jpg,3024,3024,1653338,4160C19F9F9AE3F1C779F3D71A47F282F526ADE107972407CB602558A9B5DB47,definitely_unseen,,unlabeled,,unassigned,false,,unreviewed,,
RIFLE_SRC_0227,IMG_4212.JPG,IMG_4212.JPG,air_rifle_10m,1,jpg,3024,3024,1658537,1A32DD39F3A083BD9FF6DAD0D4C7724CEE67CB36622A053AB67F1DA68241D896,definitely_unseen,,unlabeled,,unassigned,false,,unreviewed,,
RIFLE_SRC_0228,IMG_4213.JPG,IMG_4213.JPG,air_rifle_10m,1,jpg,3024,3024,1687254,D47FBD3848F47FE7A6AC829325BBAC0D6C5F9D883006485FFB67ACBBC8B84EA5,definitely_unseen,,unlabeled,,unassigned,false,,unreviewed,,
RIFLE_SRC_0229,IMG_4214.JPG,IMG_4214.JPG,air_rifle_10m,1,jpg,3024,3024,1586548,F6B759927F2EE23FCF6427791FDCB8A98B4C1C2FB11EE11241CFB040897EE238,definitely_unseen,,unlabeled,,unassigned,false,,unreviewed,,
RIFLE_SRC_0230,IMG_4215.JPG,IMG_4215.JPG,air_rifle_10m,1,jpg,3024,3024,1615366,A617795ED46EE44D529874332F7FAFF0685246EBEB2C2A68C3D8B53D482BB6A5,definitely_unseen,,unlabeled,,unassigned,false,,unreviewed,,
RIFLE_SRC_0231,IMG_4216.JPG,IMG_4216.JPG,air_rifle_10m,1,jpg,3024,3024,1660846,FAF71B31C3F0FF1EF0DEA62EAF4A27379B2F5B28DB5B2E30C563EEF63C3E9C99,definitely_unseen,,unlabeled,,unassigned,false,,unreviewed,,
RIFLE_SRC_0232,IMG_4217.JPG,IMG_4217.JPG,air_rifle_10m,1,jpg,3024,3024,1610765,17A8CFBA6C37EC6713B04480903C25911C2BC9C132BB192F7223289BA483C67D,definitely_unseen,,unlabeled,,unassigned,false,,unreviewed,,
RIFLE_SRC_0233,IMG_4218.JPG,IMG_4218.JPG,air_rifle_10m,1,jpg,3024,3024,1706453,3EF19BCFDE30906129FAF37B7213DF3557A879701C6A296A3692064BAFB7215A,definitely_unseen,,unlabeled,,unassigned,false,,unreviewed,,
RIFLE_SRC_0234,IMG_4219.JPG,IMG_4219.JPG,air_rifle_10m,1,jpg,3024,3024,1632546,CF62247119586B6EB6FC276FDFC7DF566A997F8C666FA498605B57916FC2586E,definitely_unseen,,unlabeled,,unassigned,false,,unreviewed,,
RIFLE_SRC_0235,IMG_4220.JPG,IMG_4220.JPG,air_rifle_10m,1,jpg,3024,3024,1619875,A378B53AF6FBFE98F5D16D632D42FAFA56683031341771EA9DEE322AED69DFB0,definitely_unseen,,unlabeled,,unassigned,false,,unreviewed,,
RIFLE_SRC_0236,IMG_4221.JPG,IMG_4221.JPG,air_rifle_10m,1,jpg,3024,3024,1649608,F5FD0E7912BA28FEE92CA759BEDD98FCF8F8056ECD8A446CAEE500CFFDEB941F,definitely_unseen,,unlabeled,,unassigned,false,,unreviewed,,
RIFLE_SRC_0237,IMG_4222.JPG,IMG_4222.JPG,air_rifle_10m,1,jpg,3024,3024,1644694,47D4E1080EA01030118BBCE4D20DFDD6A6B714A06C8D2766026E8FABA7ECBED3,definitely_unseen,,unlabeled,,unassigned,false,,unreviewed,,
RIFLE_SRC_0238,IMG_4223.JPG,IMG_4223.JPG,air_rifle_10m,1,jpg,3024,3024,1648452,E18FEF4E2087EEED73CB8CDE1184CED84FEFF7BE08C8123236F57DF46B7E502A,definitely_unseen,,unlabeled,,unassigned,false,,unreviewed,,
RIFLE_SRC_0239,IMG_4224.JPG,IMG_4224.JPG,air_rifle_10m,1,jpg,3024,3024,1624899,8F27D678624D4F85B9FC23A491CF90BD6435BF3607DF98DD77B5CDFEDE7D511B,definitely_unseen,,unlabeled,,unassigned,false,,unreviewed,,
RIFLE_SRC_0240,IMG_4225.JPG,IMG_4225.JPG,air_rifle_10m,1,jpg,3024,3024,1650608,FE44EA58F9BA98380967D34D4112DE18CA2317C54273035CC34828A57E748DB1,definitely_unseen,,unlabeled,,unassigned,false,,unreviewed,,
RIFLE_SRC_0241,IMG_4226.JPG,IMG_4226.JPG,air_rifle_10m,1,jpg,3024,3024,1685060,66C8B7BEBBE3FD59744244BA31EAC538C77EA680E38DDFC0716ACE6E112C951B,definitely_unseen,,unlabeled,,unassigned,false,,unreviewed,,
RIFLE_SRC_0242,IMG_4239.JPG,IMG_4239.JPG,air_rifle_10m,1,jpg,4032,3024,2143527,B9814BDD2707A51FA3030F8CAE74835212564604E26B18C55B93F1961DD723D4,definitely_unseen,,unlabeled,,unassigned,false,,unreviewed,,
RIFLE_SRC_0243,IMG_4240.JPG,IMG_4240.JPG,air_rifle_10m,1,jpg,4032,3024,2166342,54F3C1E216897F0E38049B292C69580845BDF4513D14CC66778FD4165B38266E,definitely_unseen,,unlabeled,,unassigned,false,,unreviewed,,
RIFLE_SRC_0244,IMG_4241.JPG,IMG_4241.JPG,air_rifle_10m,1,jpg,4032,3024,2498001,D02EB7B4EB010DF463564D821A29B04E9A70582E3D70EC2740A06B7AFABC2DB0,definitely_unseen,,unlabeled,,unassigned,false,,unreviewed,,
RIFLE_SRC_0245,IMG_4242.JPG,IMG_4242.JPG,air_rifle_10m,1,jpg,4032,3024,1918135,06EF0B6BAFD70ECFC041C44564F2A50EF07AE9C43F721BE9373FB87D155E33B4,definitely_unseen,,unlabeled,,unassigned,false,,unreviewed,,
RIFLE_SRC_0246,IMG_4243.JPG,IMG_4243.JPG,air_rifle_10m,1,jpg,4032,3024,2198967,33CD7DDEC983624926DBCBDCEEB99E96A6EF6AAE4A3721A4F96117C5CE933227,definitely_unseen,,unlabeled,,unassigned,false,,unreviewed,,
RIFLE_SRC_0247,IMG_4244.JPG,IMG_4244.JPG,air_rifle_10m,1,jpg,4032,3024,1774626,24E741360A285FDEB175D717A8E2AD532DE2404DB2029C75C0F4EE6F50146CA0,definitely_unseen,,unlabeled,,unassigned,false,,unreviewed,,
RIFLE_SRC_0248,IMG_4245.JPG,IMG_4245.JPG,air_rifle_10m,1,jpg,4032,3024,1720121,9637200B4D5DEF97A834F917B67844052B72252F6E5DD102D0CF667D2DF5FBE8,definitely_unseen,,unlabeled,,unassigned,false,,unreviewed,,
RIFLE_SRC_0249,IMG_4246.JPG,IMG_4246.JPG,air_rifle_10m,1,jpg,4032,3024,1997504,64D29FE6D54052678B15D8A1A0E2F920E8D1AC546F6D614890B5E10621DEEBEE,definitely_unseen,,unlabeled,,unassigned,false,,unreviewed,,
RIFLE_SRC_0250,IMG_4248.JPG,IMG_4248.JPG,air_rifle_10m,1,jpg,4032,3024,2209168,98D870169C8709E58D5F18FC18587DA482E033C12684BF23BDE6170185B5182A,definitely_unseen,,unlabeled,,unassigned,false,,unreviewed,,
RIFLE_SRC_0251,IMG_4249.JPG,IMG_4249.JPG,air_rifle_10m,1,jpg,4032,3024,1820447,358047B73C3D3D242CC6508C557540F73A7253CA3D3289EADDB1405B5A25DCB0,definitely_unseen,,unlabeled,,unassigned,false,,unreviewed,,
RIFLE_SRC_0252,IMG_4250.JPG,IMG_4250.JPG,air_rifle_10m,1,jpg,4032,3024,1850531,876435E407C9D2C4EACE6D509447CDF20AD2349CAA24A2E4EA8187D7DD4DAFC3,definitely_unseen,,unlabeled,,unassigned,false,,unreviewed,,
RIFLE_SRC_0253,IMG_4251.JPG,IMG_4251.JPG,air_rifle_10m,1,jpg,4032,3024,1807429,A1878A0D3DEA5669F5176C6D5E4F5EE0E251904D4CA1038F6BA53FAEA4D19A03,definitely_unseen,,unlabeled,,unassigned,false,,unreviewed,,
RIFLE_SRC_0254,IMG_4252.JPG,IMG_4252.JPG,air_rifle_10m,1,jpg,4032,3024,1874640,B88FDD1E6F504CCBA9A45FA047932A5EFB647B454E6EB3C7384A1EA66DAAE528,definitely_unseen,,unlabeled,,unassigned,false,,unreviewed,,
RIFLE_SRC_0255,IMG_4253.JPG,IMG_4253.JPG,air_rifle_10m,1,jpg,4032,3024,1870938,72F01DE6E8275B1A6F46E266C93ACD4ADFB24DF2BE59B0A2C36C76945F403BDC,definitely_unseen,,unlabeled,,unassigned,false,,unreviewed,,
RIFLE_SRC_0256,IMG_4254.JPG,IMG_4254.JPG,air_rifle_10m,1,jpg,4032,3024,1930887,BA3B279DAB126B33EBFFF35477B244BABC7E7338087F6EA7799B848AD092F8D2,definitely_unseen,,unlabeled,,unassigned,false,,unreviewed,,
RIFLE_SRC_0257,IMG_4255.JPG,IMG_4255.JPG,air_rifle_10m,1,jpg,4032,3024,2352689,BB1620A95AD0067152F0D4C7C69A780653D1738CEF7D6A973484F58E599D4BF1,definitely_unseen,,unlabeled,,unassigned,false,,unreviewed,,
RIFLE_SRC_0258,IMG_4256.JPG,IMG_4256.JPG,air_rifle_10m,1,jpg,4032,3024,1967129,22D6B6CD9F60B69F0A69D9D536DD26C4527A740B0787B906988188B63C384FD6,definitely_unseen,,unlabeled,,unassigned,false,,unreviewed,,
RIFLE_SRC_0259,IMG_4257.JPG,IMG_4257.JPG,air_rifle_10m,1,jpg,4032,3024,1992566,0AAD8918948D2DC635C49C1537BB95F8A2DF87FC35F05BFB5E3AF380CA249432,definitely_unseen,,unlabeled,,unassigned,false,,unreviewed,,
RIFLE_SRC_0260,IMG_4258.JPG,IMG_4258.JPG,air_rifle_10m,1,jpg,4032,3024,1973580,B66E83030C22C8171958E3A5EDB19880981AA6EF5253E82FCB0FBB62A75AB609,definitely_unseen,,unlabeled,,unassigned,false,,unreviewed,,
RIFLE_SRC_0261,IMG_4259.JPG,IMG_4259.JPG,air_rifle_10m,1,jpg,4032,3024,1960973,A9FD65EA57EB2A363633829FF2B3F37D2D402BD6C4411A6A888F0E370F5D605E,definitely_unseen,,unlabeled,,unassigned,false,,unreviewed,,
RIFLE_SRC_0262,IMG_4260.JPG,IMG_4260.JPG,air_rifle_10m,1,jpg,4032,3024,2512662,3B8A79C8E2694A6A3D3C6B8AC7CACBE44E4CBC1203242063938BCC10E9258F2B,definitely_unseen,,unlabeled,,unassigned,false,,unreviewed,,
RIFLE_SRC_0263,IMG_4261.JPG,IMG_4261.JPG,air_rifle_10m,1,jpg,4032,3024,1977091,19072FBCA1860B24213C6A759B7B44FFDD00175E9FEA95CAC4B7A3B5C35092C2,definitely_unseen,,unlabeled,,unassigned,false,,unreviewed,,
RIFLE_SRC_0264,IMG_4262.JPG,IMG_4262.JPG,air_rifle_10m,1,jpg,4032,3024,2058888,69FA4B0C05AE41677EBF50D5AC63E7994E1DD3F28F9A356273A9065B0D1321DA,definitely_unseen,,unlabeled,,unassigned,false,,unreviewed,,
RIFLE_SRC_0265,IMG_4263.JPG,IMG_4263.JPG,air_rifle_10m,1,jpg,4032,3024,2534348,35DB82D44DF66121FB5FAC08113E0C7B1E81D1D60B32D471F79FC2C7886C2567,definitely_unseen,,unlabeled,,unassigned,false,,unreviewed,,
RIFLE_SRC_0266,IMG_4264.JPG,IMG_4264.JPG,air_rifle_10m,1,jpg,4032,3024,1492018,D347C9EE0AFBDD5EB3E334E4ECCEA9603C227B9397136D81BC4B4EDAAE8611B8,definitely_unseen,,unlabeled,,unassigned,false,,unreviewed,,
RIFLE_SRC_0267,IMG_4265.JPG,IMG_4265.JPG,air_rifle_10m,1,jpg,4032,3024,1476683,7970FFF7B25270289D78E69016C910E1348A5195CC8C9D052C761449DA4D596E,definitely_unseen,,unlabeled,,unassigned,false,,unreviewed,,
RIFLE_SRC_0268,IMG_4266.JPG,IMG_4266.JPG,air_rifle_10m,1,jpg,4032,3024,1573413,6FCEB5B284952B822C1AF0D6CE40B44A0627E980F4F4EEC6112DC59896AC3E89,definitely_unseen,,unlabeled,,unassigned,false,,unreviewed,,
RIFLE_SRC_0269,IMG_4267.JPG,IMG_4267.JPG,air_rifle_10m,1,jpg,4032,3024,1545497,A3C3607FAA7CB8D805E0DEA815D2E9063BDB8E59352699759A49A6630E05C591,definitely_unseen,,unlabeled,,unassigned,false,,unreviewed,,
RIFLE_SRC_0270,IMG_4268.JPG,IMG_4268.JPG,air_rifle_10m,1,jpg,4032,3024,1555238,D9BCC1F65794A815EC2785653F50D307547F0F8558357680180EC6E8CFEA90ED,definitely_unseen,,unlabeled,,unassigned,false,,unreviewed,,
RIFLE_SRC_0271,IMG_4269.JPG,IMG_4269.JPG,air_rifle_10m,1,jpg,4032,3024,1453521,7BE1CC577EA0E7E199A2F0B950269E0CB1702F5F250F0EF37427B03C21A57FE2,definitely_unseen,,unlabeled,,unassigned,false,,unreviewed,,
RIFLE_SRC_0272,IMG_4270.JPG,IMG_4270.JPG,air_rifle_10m,1,jpg,4032,3024,1487786,2526B3F8512AD8D76CF1E37714A9EA6DA308D5C5D2D2FBD4CE08E53652EB027D,definitely_unseen,,unlabeled,,unassigned,false,,unreviewed,,
RIFLE_SRC_0273,IMG_4271.JPG,IMG_4271.JPG,air_rifle_10m,1,jpg,4032,3024,1509461,C5CB9DEAFD44889921ED0650949F2A486D784276CA8714C2A99425409C347EC3,definitely_unseen,,unlabeled,,unassigned,false,,unreviewed,,
RIFLE_SRC_0274,IMG_4272.JPG,IMG_4272.JPG,air_rifle_10m,1,jpg,4032,3024,1514035,AFD40FCD908699C33694D5C59FE6249AFAC178E1BFF9B5F1B2CD61B3A7197A34,definitely_unseen,,unlabeled,,unassigned,false,,unreviewed,,
RIFLE_SRC_0275,IMG_4273.JPG,IMG_4273.JPG,air_rifle_10m,1,jpg,4032,3024,1456728,BD9FC1971948F0AB11812F49F121D73D819497DE9A5B38816E631FD1614AE1A7,definitely_unseen,,unlabeled,,unassigned,false,,unreviewed,,
RIFLE_SRC_0276,IMG_4274.JPG,IMG_4274.JPG,air_rifle_10m,1,jpg,4032,3024,1526468,3178807F7E165A57B91FDAE23856FAC9A77E3B90A0F2E4496D0114D60DD85168,definitely_unseen,,unlabeled,,unassigned,false,,unreviewed,,
RIFLE_SRC_0277,IMG_4275.JPG,IMG_4275.JPG,air_rifle_10m,1,jpg,4032,3024,1507004,6DE415667B145480CAB9237FCBC560793F235AD25B0A806136CE635F2FA27206,definitely_unseen,,unlabeled,,unassigned,false,,unreviewed,,
RIFLE_SRC_0278,IMG_4276.JPG,IMG_4276.JPG,air_rifle_10m,1,jpg,4032,3024,1515170,B55C38DA3A96227D3C05BF7A3F611457ACFC4BBC5D9924185E71B8B2F76C26BB,definitely_unseen,,unlabeled,,unassigned,false,,unreviewed,,
RIFLE_SRC_0279,IMG_4277.JPG,IMG_4277.JPG,air_rifle_10m,1,jpg,4032,3024,1568229,ACC601B1FAD6A8AE251800F867A8FFA950BEBCBD22F7B11B88A10AF1BD603067,definitely_unseen,,unlabeled,,unassigned,false,,unreviewed,,
RIFLE_SRC_0280,IMG_4278.JPG,IMG_4278.JPG,air_rifle_10m,1,jpg,4032,3024,1515349,A53154D5FE897E6054E826E3459BCDC6C670275D1E10E978EE4DBF7FE37E0D09,definitely_unseen,,unlabeled,,unassigned,false,,unreviewed,,
RIFLE_SRC_0281,IMG_4279.JPG,IMG_4279.JPG,air_rifle_10m,1,jpg,4032,3024,1381940,7009F0CE269A37912CEA5454A569829D0DE82B5011D716A5705EB7391D8D4094,definitely_unseen,,unlabeled,,unassigned,false,,unreviewed,,
RIFLE_SRC_0282,IMG_4280.JPG,IMG_4280.JPG,air_rifle_10m,1,jpg,4032,3024,1477178,8AD5BF9A3CEB1FA1767E193C49CA150B230670B9A3EC52A9BA550AA6F1A4FC08,definitely_unseen,,unlabeled,,unassigned,false,,unreviewed,,
RIFLE_SRC_0283,IMG_4281.JPG,IMG_4281.JPG,air_rifle_10m,1,jpg,4032,3024,1503877,C850677F17C616B25CBD09BE56AF06E1B1EB471A28990F3076C7F09811BDC489,definitely_unseen,,unlabeled,,unassigned,false,,unreviewed,,
RIFLE_SRC_0284,IMG_4282.JPG,IMG_4282.JPG,air_rifle_10m,1,jpg,4032,3024,1493271,76ABDDDEEAEF897B9A7761F5BFD1A706002CD0D075592DFA0F9D8688A4CBCC8A,definitely_unseen,,unlabeled,,unassigned,false,,unreviewed,,
RIFLE_SRC_0285,IMG_4283.JPG,IMG_4283.JPG,air_rifle_10m,1,jpg,4032,3024,1408436,4EB628906FC47B158D6CFAD9BFD2372F4B33697ABAA05E9A55CC4F6A80500806,definitely_unseen,,unlabeled,,unassigned,false,,unreviewed,,
RIFLE_SRC_0286,IMG_4284.JPG,IMG_4284.JPG,air_rifle_10m,1,jpg,4032,3024,1532990,0DAF9B90F2FAA14395A58FD74CA65558913B0E46BF7A42C4C9EF574E6DA1F849,definitely_unseen,,unlabeled,,unassigned,false,,unreviewed,,
RIFLE_SRC_0287,IMG_4285.JPG,IMG_4285.JPG,air_rifle_10m,1,jpg,4032,3024,1499446,48AF12281DD02540EE44204C5FAB37D1C47DFF620A1FBFD65BD62D17D1F8E682,definitely_unseen,,unlabeled,,unassigned,false,,unreviewed,,
RIFLE_SRC_0288,IMG_4286.JPG,IMG_4286.JPG,air_rifle_10m,1,jpg,4032,3024,1523220,03436680DCB6F9B786A0AB18A57D700B8791E337F9604EBFA22B0EC3EF0507EE,definitely_unseen,,unlabeled,,unassigned,false,,unreviewed,,
RIFLE_SRC_0289,IMG_4287.JPG,IMG_4287.JPG,air_rifle_10m,1,jpg,4032,3024,1495415,2170005F9391046D1F12D5CBE82A71DEEC8C7F2C6796F1C3C94A38DCBCFFEAF8,definitely_unseen,,unlabeled,,unassigned,false,,unreviewed,,
RIFLE_SRC_0290,IMG_4288.JPG,IMG_4288.JPG,air_rifle_10m,1,jpg,4032,3024,1369389,A971B8F739A34472D4959B2A919F97AD8C640FC73E0DBB616926EA9BD0DC904C,definitely_unseen,,unlabeled,,unassigned,false,,unreviewed,,
RIFLE_SRC_0291,IMG_4289.JPG,IMG_4289.JPG,air_rifle_10m,1,jpg,4032,3024,1344497,D7FDC298EB68AD0FCD65361C8B8673266A7B21FC5F63DEB34A13D06CE90FB9B1,definitely_unseen,,unlabeled,,unassigned,false,,unreviewed,,
RIFLE_SRC_0292,IMG_4290.JPG,IMG_4290.JPG,air_rifle_10m,1,jpg,4032,3024,1546830,B237CEC67B6C6E83AE9CB4BD43543F730E7768750844A36BEE5BF08743398200,definitely_unseen,,unlabeled,,unassigned,false,,unreviewed,,
RIFLE_SRC_0293,IMG_4291.JPG,IMG_4291.JPG,air_rifle_10m,1,jpg,4032,3024,1474970,BA345838792239C160BB58632E4EC67DA250484DD9B2CB7250B45AB9AAAD75ED,definitely_unseen,,unlabeled,,unassigned,false,,unreviewed,,
RIFLE_SRC_0294,IMG_4292.JPG,IMG_4292.JPG,air_rifle_10m,1,jpg,4032,3024,1317660,E6365995B2502640FE5D2679057271FEC48DF89C8E9CD3FFE336702DB07CA203,definitely_unseen,,unlabeled,,unassigned,false,,unreviewed,,
RIFLE_SRC_0295,IMG_4293.JPG,IMG_4293.JPG,air_rifle_10m,1,jpg,4032,3024,1283519,BF6B09E24F2602DAF329DB197A3F0ACEBBFDB5AA1835E7A1D6E9541C51CF57D0,definitely_unseen,,unlabeled,,unassigned,false,,unreviewed,,
RIFLE_SRC_0296,IMG_4294.JPG,IMG_4294.JPG,air_rifle_10m,1,jpg,4032,3024,1283449,137316B1A62167E9A69032DBB4ABCDD99F97CD3D1A1BE656FDA85FA7E0E6E769,definitely_unseen,,unlabeled,,unassigned,false,,unreviewed,,
RIFLE_SRC_0297,IMG_4295.JPG,IMG_4295.JPG,air_rifle_10m,1,jpg,4032,3024,1247319,D1D19A8E4222112114E8A23E25ACC95B1A03B8A9C31A4DF9E98E88BF8A672CD0,definitely_unseen,,unlabeled,,unassigned,false,,unreviewed,,
RIFLE_SRC_0298,IMG_4296.JPG,IMG_4296.JPG,air_rifle_10m,1,jpg,4032,3024,1271552,402D6EFE5C39601AC8BA839592684DA7B66CD1FF87BD01AFD5DFB008C9B96268,definitely_unseen,,unlabeled,,unassigned,false,,unreviewed,,
RIFLE_SRC_0299,IMG_4297.JPG,IMG_4297.JPG,air_rifle_10m,1,jpg,4032,3024,1307767,DFDD31FAA80303FC5B1F30D1225DF1F7F71C8A4AA824B8901350F13B705DFDCE,definitely_unseen,,unlabeled,,unassigned,false,,unreviewed,,
RIFLE_SRC_0300,IMG_4298.JPG,IMG_4298.JPG,air_rifle_10m,1,jpg,4032,3024,1252805,E6F9A67588F2998C466BF54108268750F17F306C974306FBB63D75E117CEF48B,definitely_unseen,,unlabeled,,unassigned,false,,unreviewed,,
RIFLE_SRC_0301,IMG_4299.JPG,IMG_4299.JPG,air_rifle_10m,1,jpg,4032,3024,1273807,4465C9E38125882925D820FBBFAE853DB46DA6B5AD0EA4BDCD92E92E09099B86,definitely_unseen,,unlabeled,,unassigned,false,,unreviewed,,
RIFLE_SRC_0302,IMG_4300.JPG,IMG_4300.JPG,air_rifle_10m,1,jpg,4032,3024,1262335,41066235C958DF47B0F032E0239F77C6412D703038C4C4351B3E1A0D944C0A9A,definitely_unseen,,unlabeled,,unassigned,false,,unreviewed,,
RIFLE_SRC_0303,IMG_4301.JPG,IMG_4301.JPG,air_rifle_10m,1,jpg,4032,3024,1234390,463B3279F9B9C7611B43E5CE0D3BA2CEC58925C4297DDF9C3C71E06EC066DB8C,definitely_unseen,,unlabeled,,unassigned,false,,unreviewed,,
RIFLE_SRC_0304,IMG_4302.JPG,IMG_4302.JPG,air_rifle_10m,1,jpg,4032,3024,1233650,599EF94C9CA174561A0D1A1C337EAFB7F8EB249EB5B20038C9ECE9A901371CBD,definitely_unseen,,unlabeled,,unassigned,false,,unreviewed,,
RIFLE_SRC_0305,IMG_4303.JPG,IMG_4303.JPG,air_rifle_10m,1,jpg,4032,3024,1254115,4944362F3A69CC065FC2324DC7A64D8849F551C5CD690C4754503414EFE3689A,definitely_unseen,,unlabeled,,unassigned,false,,unreviewed,,
RIFLE_SRC_0306,IMG_4304.JPG,IMG_4304.JPG,air_rifle_10m,1,jpg,4032,3024,1227640,3AF981B775E9E85E5169329B46F4EE13CA31ED768F50A9A97E686ACF8EB8DE71,definitely_unseen,,unlabeled,,unassigned,false,,unreviewed,,
RIFLE_SRC_0307,IMG_4305.JPG,IMG_4305.JPG,air_rifle_10m,1,jpg,4032,3024,1231176,4C46C89D31E54A0336CA305BBA35770A5BC108C6081763063A3CCF5AE8E84B69,definitely_unseen,,unlabeled,,unassigned,false,,unreviewed,,
RIFLE_SRC_0308,IMG_4306.JPG,IMG_4306.JPG,air_rifle_10m,1,jpg,4032,3024,1269162,438C718B8345C71C2DC9F3542694CE8D9E08F03103BDA38897A87E3B9BE8D4B0,definitely_unseen,,unlabeled,,unassigned,false,,unreviewed,,
RIFLE_SRC_0309,IMG_4307.JPG,IMG_4307.JPG,air_rifle_10m,1,jpg,4032,3024,1255511,948732418D9BC2F449C28EF4497F586787F23308EC137CEAB7A52458F0CD788D,definitely_unseen,,unlabeled,,unassigned,false,,unreviewed,,
RIFLE_SRC_0310,IMG_4308.JPG,IMG_4308.JPG,air_rifle_10m,1,jpg,4032,3024,1240805,2B7DE0EE763AE6594B6FDDB96F84546D914E85725839ACEE8232D3A2C6AFCA0E,definitely_unseen,,unlabeled,,unassigned,false,,unreviewed,,
RIFLE_SRC_0311,IMG_4309.JPG,IMG_4309.JPG,air_rifle_10m,1,jpg,4032,3024,1244950,07F32C6B5FE4492F5C2267E7C8780F5A779A767BCCCB3CAF5294CE53E4103E40,definitely_unseen,,unlabeled,,unassigned,false,,unreviewed,,
RIFLE_SRC_0312,IMG_4310.JPG,IMG_4310.JPG,air_rifle_10m,1,jpg,4032,3024,1271239,13871F53EE77964CBFCBD5DAD8F44EA4B33A5223C0984B72F9EC3478DE9364DE,definitely_unseen,,unlabeled,,unassigned,false,,unreviewed,,
RIFLE_SRC_0313,IMG_4311.JPG,IMG_4311.JPG,air_rifle_10m,1,jpg,4032,3024,1245740,DE6DF0D545368433D48A95BDAAB7BBAAB97FB400C4A7A9D27CC7E64E859DAB41,definitely_unseen,,unlabeled,,unassigned,false,,unreviewed,,
RIFLE_SRC_0314,IMG_4312.JPG,IMG_4312.JPG,air_rifle_10m,1,jpg,4032,3024,1249682,2F33162EA04645E47F2B38CF6D220C894367B928358C23539BBA8C49C563CCD6,definitely_unseen,,unlabeled,,unassigned,false,,unreviewed,,
RIFLE_SRC_0315,IMG_4313.JPG,IMG_4313.JPG,air_rifle_10m,1,jpg,4032,3024,1285951,6AE428C19847DD141691CAD02DA6EE0D589002684141E4C5265CFB0EE04167C4,definitely_unseen,,unlabeled,,unassigned,false,,unreviewed,,
RIFLE_SRC_0316,IMG_4314.JPG,IMG_4314.JPG,air_rifle_10m,1,jpg,4032,3024,1297708,1645598CBF627F174100390412CD2671BA004C7800182F833A9AD820D00DB996,definitely_unseen,,unlabeled,,unassigned,false,,unreviewed,,
RIFLE_SRC_0317,IMG_4315.JPG,IMG_4315.JPG,air_rifle_10m,1,jpg,4032,3024,1246122,9A90A4D2B8C739B0D6F7CB0AD3024A71FCB82BBF444AF32C4D49FC83CF2403CE,definitely_unseen,,unlabeled,,unassigned,false,,unreviewed,,
RIFLE_SRC_0318,IMG_4316.JPG,IMG_4316.JPG,air_rifle_10m,1,jpg,4032,3024,1257203,77C8B2417B2CF098543E8A41A51FE9FB7B4D139BC985AFFDD1124037DAC6E2BE,definitely_unseen,,unlabeled,,unassigned,false,,unreviewed,,
RIFLE_SRC_0319,IMG_4317.JPG,IMG_4317.JPG,air_rifle_10m,1,jpg,4032,3024,1276807,9CACFCD52EAE1E9A30354962E8942980101D5F91A7362BE1B9F4A66052DACA79,definitely_unseen,,unlabeled,,unassigned,false,,unreviewed,,
RIFLE_SRC_0320,IMG_4318.JPG,IMG_4318.JPG,air_rifle_10m,1,jpg,4032,3024,1282077,FF653CF5AE195F3C07125480D4813EA0705D2394C24C60A45978960FFBDB1547,definitely_unseen,,unlabeled,,unassigned,false,,unreviewed,,
RIFLE_SRC_0321,IMG_4319.JPG,IMG_4319.JPG,air_rifle_10m,1,jpg,4032,3024,1236617,1F748096588B200C268B3B884F6A902CD831FC43F95D53216B3BDF627F0EDDBA,definitely_unseen,,unlabeled,,unassigned,false,,unreviewed,,
RIFLE_SRC_0322,IMG_4320.JPG,IMG_4320.JPG,air_rifle_10m,1,jpg,4032,3024,1253434,24174CAC0024DF7E3F56B6BA011760F2DE713DFA6EA5DB285B499156FFD7D3F1,definitely_unseen,,unlabeled,,unassigned,false,,unreviewed,,
RIFLE_SRC_0323,IMG_4321.JPG,IMG_4321.JPG,air_rifle_10m,1,jpg,4032,3024,1258498,81F7BB0099D69E517ADFB3DFFE61A2F0CC93A1913D4EF932E0E575CACA052B34,definitely_unseen,,unlabeled,,unassigned,false,,unreviewed,,
RIFLE_SRC_0324,IMG_4322.JPG,IMG_4322.JPG,air_rifle_10m,1,jpg,4032,3024,1254675,7DBDC8796008DE053041938495281B885EEF519ED31C817540DFC36F7634B58C,definitely_unseen,,unlabeled,,unassigned,false,,unreviewed,,
RIFLE_SRC_0325,IMG_4323.JPG,IMG_4323.JPG,air_rifle_10m,1,jpg,4032,3024,1249378,160F441175F2653E7EF73286FF92A7AC743DB121E16D966B55920418596C15D9,definitely_unseen,,unlabeled,,unassigned,false,,unreviewed,,
RIFLE_SRC_0326,IMG_4324.JPG,IMG_4324.JPG,air_rifle_10m,1,jpg,4032,3024,1257199,BBF11443340FF2120F4D7D10C61521F5BB31FEE4F6F98650B1D6694905DDDF1C,definitely_unseen,,unlabeled,,unassigned,false,,unreviewed,,
RIFLE_SRC_0327,IMG_4325.JPG,IMG_4325.JPG,air_rifle_10m,1,jpg,4032,3024,1233193,6CFB774186CD7D0DBA359691E70498079202D5D64DC08304A74E0F45EDED394E,definitely_unseen,,unlabeled,,unassigned,false,,unreviewed,,
RIFLE_SRC_0328,IMG_4326.JPG,IMG_4326.JPG,air_rifle_10m,1,jpg,4032,3024,1169572,9F2E569B038AE1006EAD3463F2A40E01A189195CDB6752B85B372196234A975F,definitely_unseen,,unlabeled,,unassigned,false,,unreviewed,,
RIFLE_SRC_0329,IMG_4327.JPG,IMG_4327.JPG,air_rifle_10m,1,jpg,4032,3024,1238506,4F01B1D752981B4F0FB072350C8509E63244A6C38D39706A9B0F55059051908A,definitely_unseen,,unlabeled,,unassigned,false,,unreviewed,,
RIFLE_SRC_0330,IMG_4328.JPG,IMG_4328.JPG,air_rifle_10m,1,jpg,4032,3024,1218748,B1F6124BC398855CF95E2D2E5C73B86AEBDC64E0AD498539DA02BB2493E3FA0E,definitely_unseen,,unlabeled,,unassigned,false,,unreviewed,,
RIFLE_SRC_0331,IMG_4329.JPG,IMG_4329.JPG,air_rifle_10m,1,jpg,4032,3024,1220540,27B52D5C10D94C26956A1224F8D86E6A6B04431150380737E1B18842F159837E,definitely_unseen,,unlabeled,,unassigned,false,,unreviewed,,
RIFLE_SRC_0332,IMG_4330.JPG,IMG_4330.JPG,air_rifle_10m,1,jpg,4032,3024,1186879,3214D952BD3FDD0E9E525D94FF74ECA4E460DD4646E613E97917B0B460EFDD56,definitely_unseen,,unlabeled,,unassigned,false,,unreviewed,,
RIFLE_SRC_0333,IMG_4331.JPG,IMG_4331.JPG,air_rifle_10m,1,jpg,4032,3024,1198096,5C85F9051898588F7E4F4150B0D5AAA88E6BD086E3FFAF00F069E52D153789F3,definitely_unseen,,unlabeled,,unassigned,false,,unreviewed,,
RIFLE_SRC_0334,IMG_4332.JPG,IMG_4332.JPG,air_rifle_10m,1,jpg,4032,3024,1285484,949D22ADBCFC342FF48D2D94E159BFACDB55A0EF561EB70EFFDE30668ECF1034,definitely_unseen,,unlabeled,,unassigned,false,,unreviewed,,
RIFLE_SRC_0335,IMG_4333.JPG,IMG_4333.JPG,air_rifle_10m,1,jpg,4032,3024,1258112,4F6EA2DAEFB3126D09F0A2EFE70E7C2DDDFDA6EA46C11E25171F08AD22A2D7D3,definitely_unseen,,unlabeled,,unassigned,false,,unreviewed,,
RIFLE_SRC_0336,IMG_4334.JPG,IMG_4334.JPG,air_rifle_10m,1,jpg,4032,3024,2626154,92AE3548E45D593062124499108ED309063A9A9F67486A30C7E44EE0044A19C9,definitely_unseen,,unlabeled,,unassigned,false,,unreviewed,,
RIFLE_SRC_0337,IMG_4335.JPG,IMG_4335.JPG,air_rifle_10m,1,jpg,4032,3024,2581584,C2E31DF9A7C881AFF283F75C8F32EE285CBE44BBD50382C4941B85E5C581EB72,definitely_unseen,,unlabeled,,unassigned,false,,unreviewed,,
RIFLE_SRC_0338,IMG_4336.JPG,IMG_4336.JPG,air_rifle_10m,1,jpg,4032,3024,2142850,595B3DA29EBABCA023C6509DE0ABE3A09E01F6A8E4BDCB49C79F39CB43C95030,definitely_unseen,,unlabeled,,unassigned,false,,unreviewed,,
RIFLE_SRC_0339,IMG_4337.JPG,IMG_4337.JPG,air_rifle_10m,1,jpg,4032,3024,2020879,338ADF348967404AC277D1075D56B62AB4B27FF5101F65A23F70608A98C69BC8,definitely_unseen,,unlabeled,,unassigned,false,,unreviewed,,
RIFLE_SRC_0340,IMG_4338.JPG,IMG_4338.JPG,air_rifle_10m,1,jpg,4032,3024,2066892,85B225F5580DA20DA1E2E4C28EB0CE9FC327549D71B5514C6034C86D9BF4BDB1,definitely_unseen,,unlabeled,,unassigned,false,,unreviewed,,
RIFLE_SRC_0341,IMG_4339.JPG,IMG_4339.JPG,air_rifle_10m,1,jpg,4032,3024,2643534,BBBDEEA4BA326A5BCB426D683F11DD3112BA20A8D8CF50D35672DF24A49EBDEC,definitely_unseen,,unlabeled,,unassigned,false,,unreviewed,,
RIFLE_SRC_0342,IMG_4340.JPG,IMG_4340.JPG,air_rifle_10m,1,jpg,4032,3024,2653369,2F08ED77584867A01DDDED05374A98F3E23423E756E265EB156D1D2AD2DEEB7F,definitely_unseen,,unlabeled,,unassigned,false,,unreviewed,,
RIFLE_SRC_0343,IMG_4341.JPG,IMG_4341.JPG,air_rifle_10m,1,jpg,4032,3024,2062174,5BD74EB9012C5CE1DA1F78846BEEBA3C84C94F23BBA90E0D7AA64922F3A73FBE,definitely_unseen,,unlabeled,,unassigned,false,,unreviewed,,
RIFLE_SRC_0344,IMG_4342.JPG,IMG_4342.JPG,air_rifle_10m,1,jpg,4032,3024,2018930,E64EC0090B66942FCA32E86A2685FAAEBC2FF9159BFEA0595A38DCA938968613,definitely_unseen,,unlabeled,,unassigned,false,,unreviewed,,
RIFLE_SRC_0345,IMG_4343.JPG,IMG_4343.JPG,air_rifle_10m,1,jpg,4032,3024,1982173,58C5AAB15252492B28E77D3BFCEEA10B6A6E2AF0789320FFFC650ABEE65EE888,definitely_unseen,,unlabeled,,unassigned,false,,unreviewed,,
RIFLE_SRC_0346,IMG_4344.JPG,IMG_4344.JPG,air_rifle_10m,1,jpg,4032,3024,2036384,38FEF8165339E98DBC06F417D42EFF01211FC5BBCBADE9853A07CC65DA28E51D,definitely_unseen,,unlabeled,,unassigned,false,,unreviewed,,
RIFLE_SRC_0347,IMG_4345.JPG,IMG_4345.JPG,air_rifle_10m,1,jpg,4032,3024,2493647,A37FE9D4FD043BA1A41778CCF02CE7D2E39EFC4421C5026E88668609D7B7533A,definitely_unseen,,unlabeled,,unassigned,false,,unreviewed,,
RIFLE_SRC_0348,IMG_4346.JPG,IMG_4346.JPG,air_rifle_10m,1,jpg,4032,3024,2100036,A0054F8A0321104CEE7D70624F49CEDD77642EC7BCF4CCEF927E95F3BF9FA43F,definitely_unseen,,unlabeled,,unassigned,false,,unreviewed,,
RIFLE_SRC_0349,IMG_4347.JPG,IMG_4347.JPG,air_rifle_10m,1,jpg,4032,3024,2482960,E6E45A53AC5BA1CB078FA50445A07C8590899E94B5B55B6CCCECE0AA15DECAE8,definitely_unseen,,unlabeled,,unassigned,false,,unreviewed,,
RIFLE_SRC_0350,IMG_4348.JPG,IMG_4348.JPG,air_rifle_10m,1,jpg,4032,3024,2045246,A7F62F10CE35FD8E088837B39838E725222EB76199A798E4F7AD41A1E754E161,definitely_unseen,,unlabeled,,unassigned,false,,unreviewed,,
RIFLE_SRC_0351,IMG_4349.JPG,IMG_4349.JPG,air_rifle_10m,1,jpg,4032,3024,1999398,8FBE54BEBD40161E94A334F9BF549E8988836B14D94AA92CC4153EA5723359F7,definitely_unseen,,unlabeled,,unassigned,false,,unreviewed,,
RIFLE_SRC_0352,IMG_4350.JPG,IMG_4350.JPG,air_rifle_10m,1,jpg,4032,3024,2495067,898F2EAA01F9442D29CF58A76DF049801284E272204345AB186FF6E69FF1EDB9,definitely_unseen,,unlabeled,,unassigned,false,,unreviewed,,
RIFLE_SRC_0353,IMG_4351.JPG,IMG_4351.JPG,air_rifle_10m,1,jpg,4032,3024,2075711,AD603F3DFF0EA92729258C8285C7F340E573198156CDEC5B6A6B0106F9D25C62,definitely_unseen,,unlabeled,,unassigned,false,,unreviewed,,
RIFLE_SRC_0354,IMG_4352.JPG,IMG_4352.JPG,air_rifle_10m,1,jpg,4032,3024,2024698,211FA50B7BDAB7BC3A52C79E500E935CDD0AD3DF8B5C20AE324E45D79D08AA3D,definitely_unseen,,unlabeled,,unassigned,false,,unreviewed,,
RIFLE_SRC_0355,IMG_4353.JPG,IMG_4353.JPG,air_rifle_10m,1,jpg,4032,3024,2470291,58D1C53ED0B517C77F593AF6F26B0DB16565BCFAE6FA34697DC79F986F18C4F2,definitely_unseen,,unlabeled,,unassigned,false,,unreviewed,,
RIFLE_SRC_0356,IMG_4354.JPG,IMG_4354.JPG,air_rifle_10m,1,jpg,4032,3024,2574557,94607869857BEAF8A1A6FA044EF35A9717F4CB09113AF0FD79BD2F0F53254F05,definitely_unseen,,unlabeled,,unassigned,false,,unreviewed,,
RIFLE_SRC_0357,IMG_4355.JPG,IMG_4355.JPG,air_rifle_10m,1,jpg,4032,3024,2067477,853A168AA83C1C149AAE324EA2E36AEBB867208875E7EB2AA891703DB9E22340,definitely_unseen,,unlabeled,,unassigned,false,,unreviewed,,
RIFLE_SRC_0358,IMG_4356.JPG,IMG_4356.JPG,air_rifle_10m,1,jpg,4032,3024,2026490,DD7DDF23276E142CD5C19C2B4E75BF6FF2920F976576FAFE56CB5EDC31F3BBDA,definitely_unseen,,unlabeled,,unassigned,false,,unreviewed,,
RIFLE_SRC_0359,IMG_4357.JPG,IMG_4357.JPG,air_rifle_10m,1,jpg,4032,3024,2039396,A19C641B1A2EC636B572F30B073A24356F5168192A91CEFB7AFFB988D7E9737F,definitely_unseen,,unlabeled,,unassigned,false,,unreviewed,,
RIFLE_SRC_0360,IMG_4358.JPG,IMG_4358.JPG,air_rifle_10m,1,jpg,4032,3024,2470981,F658E70BD58015BBA8B42F0F417206C6532EFB27DCA0D7D98976CEF0FD64795C,definitely_unseen,,unlabeled,,unassigned,false,,unreviewed,,
RIFLE_SRC_0361,IMG_4359.JPG,IMG_4359.JPG,air_rifle_10m,1,jpg,4032,3024,2513060,047F8292E2F2D4133DC9905E10D7783746045F32FD980344DA365514C8609BFB,definitely_unseen,,unlabeled,,unassigned,false,,unreviewed,,
RIFLE_SRC_0362,IMG_4360.JPG,IMG_4360.JPG,air_rifle_10m,1,jpg,4032,3024,2151279,CEE352CACAA2691C4E9027DDDBCF20F63C0353AB4709965E4A8F49A6A3AD2E10,definitely_unseen,,unlabeled,,unassigned,false,,unreviewed,,
RIFLE_SRC_0363,IMG_4361.JPG,IMG_4361.JPG,air_rifle_10m,1,jpg,4032,3024,2176370,0186D40DD1E2D2FD6998CE915A85065E5F180ED2F5FD598E02E48B0CCEBE7E5D,definitely_unseen,,unlabeled,,unassigned,false,,unreviewed,,
RIFLE_SRC_0364,IMG_4362.JPG,IMG_4362.JPG,air_rifle_10m,1,jpg,4032,3024,2186902,4FDEF57CC95A528CD84FB931EA29926947D56A3FC7BBE684823D75F3590D5A9A,definitely_unseen,,unlabeled,,unassigned,false,,unreviewed,,
RIFLE_SRC_0365,IMG_4363.JPG,IMG_4363.JPG,air_rifle_10m,1,jpg,4032,3024,2040873,E0F8E7A9561669210A0BBBD422661266FF285AB988A74816334D931F2AC077CA,definitely_unseen,,unlabeled,,unassigned,false,,unreviewed,,
RIFLE_SRC_0366,IMG_4364.JPG,IMG_4364.JPG,air_rifle_10m,1,jpg,4032,3024,2078164,F880396387196CA01813CCCE23C3228EB5B373E4F81A41325ACE6EB6DBB6FF07,definitely_unseen,,unlabeled,,unassigned,false,,unreviewed,,
RIFLE_SRC_0367,IMG_4365.JPG,IMG_4365.JPG,air_rifle_10m,1,jpg,4032,3024,2050707,CB32E1E1746D6ECEA9AB58996602F0CC496FD2C43A373B000415B830D23B9729,definitely_unseen,,unlabeled,,unassigned,false,,unreviewed,,
RIFLE_SRC_0368,IMG_4366.JPG,IMG_4366.JPG,air_rifle_10m,1,jpg,4032,3024,2028738,63D29F2693F9F64D10F6788CEA06890E6962C5481A9AC89204314F6FBBF53264,definitely_unseen,,unlabeled,,unassigned,false,,unreviewed,,
RIFLE_SRC_0369,IMG_4367.JPG,IMG_4367.JPG,air_rifle_10m,1,jpg,4032,3024,1916056,B7871859372DB9742A2F01FD1E38071001EECD73BCCD59D102716F54615DC08E,definitely_unseen,,unlabeled,,unassigned,false,,unreviewed,,
RIFLE_SRC_0370,IMG_4368.JPG,IMG_4368.JPG,air_rifle_10m,1,jpg,4032,3024,1992015,B06CAE674C8876EBAB8944C94EB075DA4AD8FFF72E5593C5C08C1C7AB93169BB,definitely_unseen,,unlabeled,,unassigned,false,,unreviewed,,
RIFLE_SRC_0371,IMG_4369.JPG,IMG_4369.JPG,air_rifle_10m,1,jpg,4032,3024,2026305,3AC4042F9EBE04BB4FD72EE1D5CE13C3DC5AD4F851AF98695235F44380F526FF,definitely_unseen,,unlabeled,,unassigned,false,,unreviewed,,
RIFLE_SRC_0372,IMG_4370.JPG,IMG_4370.JPG,air_rifle_10m,1,jpg,4032,3024,2067438,211610F34234228AD27507D840537F6173CA4C6070E776F070A037D0C416F8C4,definitely_unseen,,unlabeled,,unassigned,false,,unreviewed,,
RIFLE_SRC_0373,IMG_4371.JPG,IMG_4371.JPG,air_rifle_10m,1,jpg,4032,3024,1992880,DBDDC09DDE4B8B79EE0E817C479BF536C0BF8BD5697DDC33E3FC1304F225ED6F,definitely_unseen,,unlabeled,,unassigned,false,,unreviewed,,
RIFLE_SRC_0374,IMG_4372.JPG,IMG_4372.JPG,air_rifle_10m,1,jpg,4032,3024,2023101,8F1C295D22B8C3FA3C9160B65B27BDD4F37F2970EC9EADA22331849F7C12B670,definitely_unseen,,unlabeled,,unassigned,false,,unreviewed,,
RIFLE_SRC_0375,IMG_4373.JPG,IMG_4373.JPG,air_rifle_10m,1,jpg,4032,3024,2026748,CF2C161503FA47193AA1F6619C7012FCE63F4FDF2F412C4E24150D7122BB83AC,definitely_unseen,,unlabeled,,unassigned,false,,unreviewed,,
RIFLE_SRC_0376,IMG_4374.JPG,IMG_4374.JPG,air_rifle_10m,1,jpg,4032,3024,2016330,4DC817EFF60D0981BA68366AF4C616A79D438B7FC3D05CE7D965CB4FD7DF8684,definitely_unseen,,unlabeled,,unassigned,false,,unreviewed,,
RIFLE_SRC_0377,IMG_4375.JPG,IMG_4375.JPG,air_rifle_10m,1,jpg,4032,3024,1993434,1C88612039472987FAB4F63031D670DF81A4ED8F6E09574B17D743A8BC9075D1,definitely_unseen,,unlabeled,,unassigned,false,,unreviewed,,
RIFLE_SRC_0378,IMG_4376.JPG,IMG_4376.JPG,air_rifle_10m,1,jpg,4032,3024,1965678,C7BDFD991E4BE86CF0337AEBECCB9ED689F1422CEAEC39AC0BB04F56A943D246,definitely_unseen,,unlabeled,,unassigned,false,,unreviewed,,
RIFLE_SRC_0379,IMG_4377.JPG,IMG_4377.JPG,air_rifle_10m,1,jpg,4032,3024,1956727,95F950CB2D07B5D433B4B3B5D5051BF363D88D51B422D7FE8EE517344B2CB09A,definitely_unseen,,unlabeled,,unassigned,false,,unreviewed,,
RIFLE_SRC_0380,IMG_4378.JPG,IMG_4378.JPG,air_rifle_10m,1,jpg,4032,3024,1930624,D4ABCE9D8F964BE54171C945F045FB2FF8E85917015A16D7821E958B1166AF6A,definitely_unseen,,unlabeled,,unassigned,false,,unreviewed,,
RIFLE_SRC_0381,IMG_4379.JPG,IMG_4379.JPG,air_rifle_10m,1,jpg,4032,3024,1977118,EDD46ADC4F5C12ACF492F7F3269755E3CB65CF0864715106E34F00CB7A734F5A,definitely_unseen,,unlabeled,,unassigned,false,,unreviewed,,
RIFLE_SRC_0382,IMG_4380.JPG,IMG_4380.JPG,air_rifle_10m,1,jpg,4032,3024,1918670,DB2C91A130CECCA4757834312634BCD0EF3D2FDB265B73A5433E8A7D340F1497,definitely_unseen,,unlabeled,,unassigned,false,,unreviewed,,
RIFLE_SRC_0383,IMG_4381.JPG,IMG_4381.JPG,air_rifle_10m,1,jpg,4032,3024,1887423,4AAB2F7C3F2655FFBE25FAD2A5FCD3DADE8A3F656D700178652665A0F023DD1E,definitely_unseen,,unlabeled,,unassigned,false,,unreviewed,,
RIFLE_SRC_0384,IMG_4382.JPG,IMG_4382.JPG,air_rifle_10m,1,jpg,4032,3024,2061045,4FFAC3B6F9C1FDE143CD27FE32BE276A22AED4D0989C89F57E73CA482F73EDD9,definitely_unseen,,unlabeled,,unassigned,false,,unreviewed,,
RIFLE_SRC_0385,IMG_4383.JPG,IMG_4383.JPG,air_rifle_10m,1,jpg,4032,3024,1972208,CB751786D680B6E3467D19A726B6474C1DADF9A2B561015567329CE1537F178C,definitely_unseen,,unlabeled,,unassigned,false,,unreviewed,,
RIFLE_SRC_0386,IMG_4384.JPG,IMG_4384.JPG,air_rifle_10m,1,jpg,4032,3024,1982094,7FEDB1B078830BF448ADA242023DECBAC9D3076FD094AC8A57F4E768B9BE1120,definitely_unseen,,unlabeled,,unassigned,false,,unreviewed,,
RIFLE_SRC_0387,IMG_4385.JPG,IMG_4385.JPG,air_rifle_10m,1,jpg,4032,3024,1925711,5B68CD47936A5D388A5DA524B1B6526A0DD8D493D1D397F3D91AC22F5B9882D9,definitely_unseen,,unlabeled,,unassigned,false,,unreviewed,,
RIFLE_SRC_0388,IMG_4386.JPG,IMG_4386.JPG,air_rifle_10m,1,jpg,4032,3024,1953415,27091F48C52716EE6F3F4BF7B62DD4734433EFB0B061335718BEA0AD82381CB3,definitely_unseen,,unlabeled,,unassigned,false,,unreviewed,,
RIFLE_SRC_0389,IMG_4387.JPG,IMG_4387.JPG,air_rifle_10m,1,jpg,4032,3024,2023935,338CBC8565E2C63152A010E6D39A9B447F4A2FC6C7B7779F69ACF6DD855199C2,definitely_unseen,,unlabeled,,unassigned,false,,unreviewed,,
RIFLE_SRC_0390,IMG_4388.JPG,IMG_4388.JPG,air_rifle_10m,1,jpg,4032,3024,1994469,DF205429ECB740A47BF68CCB7612AEB623E0C4BE3ECA87E22B60DC9305188148,definitely_unseen,,unlabeled,,unassigned,false,,unreviewed,,
RIFLE_SRC_0391,IMG_4389.JPG,IMG_4389.JPG,air_rifle_10m,1,jpg,4032,3024,1951222,D600DAD09D99FE9CB0FCAAD944F00763B8CD31FC75BF3408BC7E7DC5D9792534,definitely_unseen,,unlabeled,,unassigned,false,,unreviewed,,
RIFLE_SRC_0392,IMG_4390.JPG,IMG_4390.JPG,air_rifle_10m,1,jpg,4032,3024,1828155,45A09C3376B5170B14EEC194FB5EABA2444323DBBF8CEFC6CC165C3D9B2B2A43,definitely_unseen,,unlabeled,,unassigned,false,,unreviewed,,
RIFLE_SRC_0393,IMG_4391.JPG,IMG_4391.JPG,air_rifle_10m,1,jpg,4032,3024,1899666,871EB8F36F2E09BAE18E05B0819AE11CD6B7AF43159E05DD114D3B0C1F3D9061,definitely_unseen,,unlabeled,,unassigned,false,,unreviewed,,
RIFLE_SRC_0394,IMG_4392.JPG,IMG_4392.JPG,air_rifle_10m,1,jpg,4032,3024,1939588,72F3EB21655910617E10F44FA36F8C7BD71148EF0F39C415633E2C40A7BCD41C,definitely_unseen,,unlabeled,,unassigned,false,,unreviewed,,
RIFLE_SRC_0395,IMG_4393.JPG,IMG_4393.JPG,air_rifle_10m,1,jpg,4032,3024,1915278,717E40A14B83D1A3384D753A18423E1E84EA614C7ACC274F7610010B05EF1FDF,definitely_unseen,,unlabeled,,unassigned,false,,unreviewed,,
RIFLE_SRC_0396,IMG_4394.JPG,IMG_4394.JPG,air_rifle_10m,1,jpg,4032,3024,1931371,D714FEA8A50F9B7F25448D19FBE2188029DE0E07AD974D722F7B851F68C23F50,definitely_unseen,,unlabeled,,unassigned,false,,unreviewed,,
RIFLE_SRC_0397,IMG_4395.JPG,IMG_4395.JPG,air_rifle_10m,1,jpg,4032,3024,1948705,27F703EA3CA8E5D2143EAE9FBB04FB2BB2CF6F6712BFD95D721CB1B8E759A65C,definitely_unseen,,unlabeled,,unassigned,false,,unreviewed,,
RIFLE_SRC_0398,IMG_4396.JPG,IMG_4396.JPG,air_rifle_10m,1,jpg,4032,3024,1919090,72BB134CC78DF046820DE22216EEED2FB8B6622AE35087584B3BF71FBD838CED,definitely_unseen,,unlabeled,,unassigned,false,,unreviewed,,
RIFLE_SRC_0399,IMG_4397.JPG,IMG_4397.JPG,air_rifle_10m,1,jpg,4032,3024,2110081,D0A114E5A0D9680BC9D23F18CEFEE5FF193ED25860A30667DDA3C476AB0F2D8D,definitely_unseen,,unlabeled,,unassigned,false,,unreviewed,,
RIFLE_SRC_0400,IMG_4398.JPG,IMG_4398.JPG,air_rifle_10m,1,jpg,4032,3024,1922924,92048EF453722494725F08ACF9A206B3C56A19E3D07208079458BCFF78EA3112,definitely_unseen,,unlabeled,,unassigned,false,,unreviewed,,
RIFLE_SRC_0401,IMG_4399.JPG,IMG_4399.JPG,air_rifle_10m,1,jpg,4032,3024,1966957,595BFF20631C6449327C824F66C58B05A9ACF03DC0BC559B6BEF7CA303B33A27,definitely_unseen,,unlabeled,,unassigned,false,,unreviewed,,
RIFLE_SRC_0402,IMG_4400.JPG,IMG_4400.JPG,air_rifle_10m,1,jpg,4032,3024,1896149,1A3EE0942ED50501928962347EFA8B76781CEBBD20458199C91964518E870196,definitely_unseen,,unlabeled,,unassigned,false,,unreviewed,,
RIFLE_SRC_0403,IMG_4401.JPG,IMG_4401.JPG,air_rifle_10m,1,jpg,4032,3024,1892563,DBF3557E3512C1E35DED60EEEBE8CB267B4E6C0E401C28F52FD7E3CE0892AB56,definitely_unseen,,unlabeled,,unassigned,false,,unreviewed,,
RIFLE_SRC_0404,IMG_4402.JPG,IMG_4402.JPG,air_rifle_10m,1,jpg,4032,3024,1900136,975503C0A1ED5541D4E9B36C9E5611D6DA65210C1CFCD58743158753F15A7D86,definitely_unseen,,unlabeled,,unassigned,false,,unreviewed,,
RIFLE_SRC_0405,IMG_4403.JPG,IMG_4403.JPG,air_rifle_10m,1,jpg,4032,3024,1894812,C02ACAD07051710F88B54E7C5750585A96B4C3B0CCF2BB676F3B80C95B0F4606,definitely_unseen,,unlabeled,,unassigned,false,,unreviewed,,
RIFLE_SRC_0406,IMG_4404.JPG,IMG_4404.JPG,air_rifle_10m,1,jpg,4032,3024,1809405,46ADAD2CFA9519C07C35931FD06013B76D436B3BBD7E11A8F6F441E2B4D8923F,definitely_unseen,,unlabeled,,unassigned,false,,unreviewed,,
RIFLE_SRC_0407,IMG_4405.JPG,IMG_4405.JPG,air_rifle_10m,1,jpg,4032,3024,1860770,4F9975818A58AE8E6523FE3D7C8DC799E7EFE94826657746DC3736CCFE6FD852,definitely_unseen,,unlabeled,,unassigned,false,,unreviewed,,
RIFLE_SRC_0408,IMG_4406.JPG,IMG_4406.JPG,air_rifle_10m,1,jpg,4032,3024,1796198,F126E2D44FDA7856A38F28924EE198BEF2CC8B0B1635210E0FD8D514E1AFC99F,definitely_unseen,,unlabeled,,unassigned,false,,unreviewed,,
RIFLE_SRC_0409,IMG_4407.JPG,IMG_4407.JPG,air_rifle_10m,1,jpg,4032,3024,1876593,C8550C01ADA8361FAAD4FD34CD034894E41C3CDC629D1BC9B563D7F8D0366D26,definitely_unseen,,unlabeled,,unassigned,false,,unreviewed,,
RIFLE_SRC_0410,IMG_4408.JPG,IMG_4408.JPG,air_rifle_10m,1,jpg,4032,3024,1912394,CD6CAC8EDB782FC96A1F6073889FCA85F9FB94825957733177DE88434CC9AB84,definitely_unseen,,unlabeled,,unassigned,false,,unreviewed,,
RIFLE_SRC_0411,IMG_4409.JPG,IMG_4409.JPG,air_rifle_10m,1,jpg,4032,3024,1947084,66659AB7ED3218040D406D591F17FAF192AF3B9BCFD8B8048A4B62488AD203C0,definitely_unseen,,unlabeled,,unassigned,false,,unreviewed,,
RIFLE_SRC_0412,IMG_4410.JPG,IMG_4410.JPG,air_rifle_10m,1,jpg,4032,3024,1945178,035835D2297761F22D5C75EE5C60A82135CD782D89C5C1F728F1593D272226F8,definitely_unseen,,unlabeled,,unassigned,false,,unreviewed,,
RIFLE_SRC_0413,IMG_4411.JPG,IMG_4411.JPG,air_rifle_10m,1,jpg,4032,3024,1915636,0B2B8456024E72CDB6FA8AF23BE38BC6B7299FB7ED264A2259063F7A49ED4008,definitely_unseen,,unlabeled,,unassigned,false,,unreviewed,,
RIFLE_SRC_0414,IMG_4412.JPG,IMG_4412.JPG,air_rifle_10m,1,jpg,4032,3024,1864315,20F4C5BF167DB810822CD4BBB561AF62516D5C3CED14A4D676698FDD56F1C29A,definitely_unseen,,unlabeled,,unassigned,false,,unreviewed,,
RIFLE_SRC_0415,IMG_4413.JPG,IMG_4413.JPG,air_rifle_10m,1,jpg,4032,3024,1917404,0237E84AD30757B644FA958B0965F90FC14BFC9A649415504F21C03383FD4A9C,definitely_unseen,,unlabeled,,unassigned,false,,unreviewed,,
RIFLE_SRC_0416,IMG_4414.JPG,IMG_4414.JPG,air_rifle_10m,1,jpg,4032,3024,1893963,B3873B0BFD49074C8097A01A9E9BBC97409DCEDC078DC4E228160C4F9938F244,definitely_unseen,,unlabeled,,unassigned,false,,unreviewed,,
RIFLE_SRC_0417,IMG_4415.JPG,IMG_4415.JPG,air_rifle_10m,1,jpg,4032,3024,1975111,41A48DA9845A07C9134D4A77DE531389F243E9E7F4356D92C38321D739B6D533,definitely_unseen,,unlabeled,,unassigned,false,,unreviewed,,
RIFLE_SRC_0418,IMG_4416.JPG,IMG_4416.JPG,air_rifle_10m,1,jpg,4032,3024,1868108,48B4359A4E097C419D5A34A8631CB0EB00D3215E7EF6DB44DDEC728B6A7D8748,definitely_unseen,,unlabeled,,unassigned,false,,unreviewed,,
RIFLE_SRC_0419,IMG_4417.JPG,IMG_4417.JPG,air_rifle_10m,1,jpg,4032,3024,1862363,C68FE933141E64CAA519FFECFAC932ECDEAEC09425BF67BFD441A27AB779E88A,definitely_unseen,,unlabeled,,unassigned,false,,unreviewed,,
RIFLE_SRC_0420,IMG_4418.JPG,IMG_4418.JPG,air_rifle_10m,1,jpg,4032,3024,1858823,AA63261B974E51F3411FDAD44F85ABB12EEA577662F40D3C101AB052DB8EBFED,definitely_unseen,,unlabeled,,unassigned,false,,unreviewed,,
RIFLE_SRC_0421,IMG_4439.JPG,IMG_4439.JPG,air_rifle_10m,1,jpg,4032,3024,2024365,0F612C7BA90395031EBE673BA354D6AC0EB38F93BC3F16BFF964D9BA1B272066,definitely_unseen,,unlabeled,,unassigned,false,,unreviewed,,
RIFLE_SRC_0422,IMG_4440.JPG,IMG_4440.JPG,air_rifle_10m,1,jpg,4032,3024,2252083,0761B7A61541D4DF97EA13F0F439C0D129429E2659A97328BB9E57E506923D10,definitely_unseen,,unlabeled,,unassigned,false,,unreviewed,,
RIFLE_SRC_0423,IMG_4441.JPG,IMG_4441.JPG,air_rifle_10m,1,jpg,4032,3024,2361211,49627D68D939735F14E363A4739B35246423F90883CFAAD7640DD934E1993F21,definitely_unseen,,unlabeled,,unassigned,false,,unreviewed,,
RIFLE_SRC_0424,IMG_4442.JPG,IMG_4442.JPG,air_rifle_10m,1,jpg,4032,3024,2912560,9D291FD6A5CC9AE483B81AA6C0067654A097ADA4C1C3CD3022A4688FE889EE1C,definitely_unseen,,unlabeled,,unassigned,false,,unreviewed,,
RIFLE_SRC_0425,IMG_4443.JPG,IMG_4443.JPG,air_rifle_10m,1,jpg,4032,3024,2858921,54DCEFFB929EC08220433F9A09389788DC7544C18CCE9A9A977E66B23121FCA6,definitely_unseen,,unlabeled,,unassigned,false,,unreviewed,,
RIFLE_SRC_0426,IMG_4444.JPG,IMG_4444.JPG,air_rifle_10m,1,jpg,4032,3024,3056699,F726052B48B34E51A727D549D0972A6891B2EF481B128F6B8999B24D25F582A5,definitely_unseen,,unlabeled,,unassigned,false,,unreviewed,,
RIFLE_SRC_0427,IMG_4445.JPG,IMG_4445.JPG,air_rifle_10m,1,jpg,4032,3024,2212037,C3756AC5C06A16F9809A675DDF5F369E3BDFCBC9D1C482D72A406BB10B4A8C24,definitely_unseen,,unlabeled,,unassigned,false,,unreviewed,,
RIFLE_SRC_0428,IMG_4446.JPG,IMG_4446.JPG,air_rifle_10m,1,jpg,4032,3024,3049988,893ABEC3BEF2D58BA8054527C1574DCEB3EF7231C2B8957BEFE54AA3E2E1066C,definitely_unseen,,unlabeled,,unassigned,false,,unreviewed,,
RIFLE_SRC_0429,IMG_4447.JPG,IMG_4447.JPG,air_rifle_10m,1,jpg,4032,3024,2269575,7F5E19C0726CD8DBAA84949A9DBE6624AEED86059960D55EC0922C745F00D406,definitely_unseen,,unlabeled,,unassigned,false,,unreviewed,,
RIFLE_SRC_0430,IMG_4448.JPG,IMG_4448.JPG,air_rifle_10m,1,jpg,4032,3024,2940710,93A9DF02E506CFB874E51D519E8345916113358EDB38A21B441FEF300D5E3B7E,definitely_unseen,,unlabeled,,unassigned,false,,unreviewed,,
RIFLE_SRC_0431,IMG_4449.JPG,IMG_4449.JPG,air_rifle_10m,1,jpg,4032,3024,3075557,50F213D7E8E030EB59F63B23C2AEEF86E16174BD2B328A8FB86302634027078E,definitely_unseen,,unlabeled,,unassigned,false,,unreviewed,,
RIFLE_SRC_0432,IMG_4450.JPG,IMG_4450.JPG,air_rifle_10m,1,jpg,4032,3024,2311432,7655F31DE96D74BE3E5F24E7EC48C87B5CB85DBE0F604531A555586E2462B749,definitely_unseen,,unlabeled,,unassigned,false,,unreviewed,,
RIFLE_SRC_0433,IMG_4451.JPG,IMG_4451.JPG,air_rifle_10m,1,jpg,4032,3024,2313395,BCABC12217B97359CC28BCA0FD479EDE5BD5A4A39948EB9BCC6F8207EC76A969,definitely_unseen,,unlabeled,,unassigned,false,,unreviewed,,
RIFLE_SRC_0434,IMG_4452.JPG,IMG_4452.JPG,air_rifle_10m,1,jpg,4032,3024,2323589,7CB132203DCDB9C36CC0D876483D1D3B6E1B950602B8C5D9F85375BBA927B98D,definitely_unseen,,unlabeled,,unassigned,false,,unreviewed,,
RIFLE_SRC_0435,IMG_4453.JPG,IMG_4453.JPG,air_rifle_10m,1,jpg,4032,3024,2287656,EE975A9861C7F867D4DA145672BFBE57A64090F129B11C52F520E55F9C8A7492,definitely_unseen,,unlabeled,,unassigned,false,,unreviewed,,
RIFLE_SRC_0436,IMG_4454.JPG,IMG_4454.JPG,air_rifle_10m,1,jpg,4032,3024,2349660,3AC52BB043ABAE7233AD51BB130EF0D839E010EDE988AE98779A2AA1623B29E9,definitely_unseen,,unlabeled,,unassigned,false,,unreviewed,,
RIFLE_SRC_0437,IMG_4455.JPG,IMG_4455.JPG,air_rifle_10m,1,jpg,4032,3024,2285351,18FC3518F22F0E11E7DA13BBC306E8D1943C7700F2CAD72A20F41D2133B49F60,definitely_unseen,,unlabeled,,unassigned,false,,unreviewed,,
RIFLE_SRC_0438,IMG_4456.JPG,IMG_4456.JPG,air_rifle_10m,1,jpg,4032,3024,2279555,B11A812C3C2714E08D70C6A102FA40BB5A48E64C4EC104BBB01F3E4252BDAA34,definitely_unseen,,unlabeled,,unassigned,false,,unreviewed,,
RIFLE_SRC_0439,IMG_4457.JPG,IMG_4457.JPG,air_rifle_10m,1,jpg,4032,3024,2811924,7AEC286B8DB8EB07F7C354F3B9E2C06B5B13AEC2D2AF7E27D1A4AF4285F60494,definitely_unseen,,unlabeled,,unassigned,false,,unreviewed,,
RIFLE_SRC_0440,IMG_4458.JPG,IMG_4458.JPG,air_rifle_10m,1,jpg,4032,3024,2153341,E18BD76435BE2F688B4802CFA0546E6EF90AF5E633F4FE1A8A42DA921983D9AA,definitely_unseen,,unlabeled,,unassigned,false,,unreviewed,,
RIFLE_SRC_0441,IMG_4459.JPG,IMG_4459.JPG,air_rifle_10m,1,jpg,4032,3024,2569840,B5DA5DC712EB1475D9BB0F102A9E72F183A800770C50AD88BC3D7CEC81F91538,definitely_unseen,,unlabeled,,unassigned,false,,unreviewed,,
RIFLE_SRC_0442,IMG_4460.JPG,IMG_4460.JPG,air_rifle_10m,1,jpg,4032,3024,1673363,E9764BE136E6C6FBA4B6C403420E194D62154EE388DFF2504EAFDFE865F7E3A7,definitely_unseen,,unlabeled,,unassigned,false,,unreviewed,,
RIFLE_SRC_0443,IMG_4461.JPG,IMG_4461.JPG,air_rifle_10m,1,jpg,4032,3024,2150242,35CF8106E2F122975E21BCB938029A7EAB3376A5F547D113194DE3C71F186D2B,definitely_unseen,,unlabeled,,unassigned,false,,unreviewed,,
RIFLE_SRC_0444,IMG_4462.JPG,IMG_4462.JPG,air_rifle_10m,1,jpg,4032,3024,2238823,2C76282BF7E74EAA1B3938944A38786D753F419BF9E5BAD473A773283851062D,definitely_unseen,,unlabeled,,unassigned,false,,unreviewed,,
RIFLE_SRC_0445,IMG_4463.JPG,IMG_4463.JPG,air_rifle_10m,1,jpg,4032,3024,2256915,17A48B072A1A442D304A1B57E484863CFF3430C4C2B5007816168340E0911288,definitely_unseen,,unlabeled,,unassigned,false,,unreviewed,,
RIFLE_SRC_0446,IMG_4464.JPG,IMG_4464.JPG,air_rifle_10m,1,jpg,4032,3024,2225646,2943BFEC37F411F9DE9D98E4F11732D9CD8D47AD4A06853061376479A7CF7A24,definitely_unseen,,unlabeled,,unassigned,false,,unreviewed,,
RIFLE_SRC_0447,IMG_4465.JPG,IMG_4465.JPG,air_rifle_10m,1,jpg,4032,3024,2226568,41BB5485A74E42A1962E3C687CDBF050136783AF06C1420DBB34196EA700BB1F,definitely_unseen,,unlabeled,,unassigned,false,,unreviewed,,
RIFLE_SRC_0448,IMG_4466.JPG,IMG_4466.JPG,air_rifle_10m,1,jpg,4032,3024,2242660,544EA72EB59C293226E3417C9EA973BD22C16476137914B46D467EB0414590C0,definitely_unseen,,unlabeled,,unassigned,false,,unreviewed,,
RIFLE_SRC_0449,IMG_4467.JPG,IMG_4467.JPG,air_rifle_10m,1,jpg,4032,3024,1654241,CC54A39016D6A4D7BE42DB7FD926CCF63A1874A56FEC0AC660C7D440C6499CE0,definitely_unseen,,unlabeled,,unassigned,false,,unreviewed,,
RIFLE_SRC_0450,IMG_4468.JPG,IMG_4468.JPG,air_rifle_10m,1,jpg,4032,3024,2097849,C6EE0B510CFA0B04C9218E6DC968A41A0FD11435120539227F3F0FD0D3E40647,definitely_unseen,,unlabeled,,unassigned,false,,unreviewed,,
RIFLE_SRC_0451,IMG_4469.JPG,IMG_4469.JPG,air_rifle_10m,1,jpg,4032,3024,1703995,C88610319446AB61D17C56649F9371C5D7A69E927F4EE72EF77669F43DF527EE,definitely_unseen,,unlabeled,,unassigned,false,,unreviewed,,
RIFLE_SRC_0452,IMG_4470.JPG,IMG_4470.JPG,air_rifle_10m,1,jpg,4032,3024,1660335,1DBBC417D2E0707EAA8C841DFF5DB48853017D0A807AD3033F4B806C688C1B30,definitely_unseen,,unlabeled,,unassigned,false,,unreviewed,,
RIFLE_SRC_0453,IMG_4471.JPG,IMG_4471.JPG,air_rifle_10m,1,jpg,4032,3024,1677499,25EC4EB1A9650805773D47079D626E2683977F990AEEB99515837DC51BDC844A,definitely_unseen,,unlabeled,,unassigned,false,,unreviewed,,
RIFLE_SRC_0454,IMG_4472.JPG,IMG_4472.JPG,air_rifle_10m,1,jpg,4032,3024,1654853,00886C4F7C94FFCB90E7D85E11EEC5B4B3A7341163AA0B66FE5BA31AE92701BA,definitely_unseen,,unlabeled,,unassigned,false,,unreviewed,,
RIFLE_SRC_0455,IMG_4473.JPG,IMG_4473.JPG,air_rifle_10m,1,jpg,4032,3024,1663843,85F0CB0309D1AE2748D9896D559B584DEE507D8D06C94798036ED1C2A86E9CD0,definitely_unseen,,unlabeled,,unassigned,false,,unreviewed,,
RIFLE_SRC_0456,IMG_4474.JPG,IMG_4474.JPG,air_rifle_10m,1,jpg,4032,3024,1583251,DD6E2D615F20FDA3C57747518DC4B3D5521519B1D92741DDFE8BCEF5D7A97A37,definitely_unseen,,unlabeled,,unassigned,false,,unreviewed,,
RIFLE_SRC_0457,IMG_4475.JPG,IMG_4475.JPG,air_rifle_10m,1,jpg,4032,3024,2045368,B6C4ED1A1A95A6CC80D56752D0787285B0CC19A33E05BB06D3618B45722C77F0,definitely_unseen,,unlabeled,,unassigned,false,,unreviewed,,
RIFLE_SRC_0458,IMG_4476.JPG,IMG_4476.JPG,air_rifle_10m,1,jpg,4032,3024,1707692,A3261F17B1E38729D605A57CB3B6D754774ED69575577CBA0198E09FC033E038,definitely_unseen,,unlabeled,,unassigned,false,,unreviewed,,
RIFLE_SRC_0459,IMG_4477.JPG,IMG_4477.JPG,air_rifle_10m,1,jpg,4032,3024,1649519,F97BD0E2B9CBA586230E471E57E4E0DD1385B4E697B104A4377806B3F79351B2,definitely_unseen,,unlabeled,,unassigned,false,,unreviewed,,
RIFLE_SRC_0460,IMG_4478.JPG,IMG_4478.JPG,air_rifle_10m,1,jpg,4032,3024,1669662,3E964DA852687D6DEADF41E1C54D3E0119F0FF0DC6DBD16BED2BB11BB5C1123A,definitely_unseen,,unlabeled,,unassigned,false,,unreviewed,,
RIFLE_SRC_0461,IMG_4479.JPG,IMG_4479.JPG,air_rifle_10m,1,jpg,4032,3024,1706253,F72514E76407FDB5DE60F8ABD7A40A40E575DDD6A6A2692754662EC81DBF7043,definitely_unseen,,unlabeled,,unassigned,false,,unreviewed,,
RIFLE_SRC_0462,IMG_4480.JPG,IMG_4480.JPG,air_rifle_10m,1,jpg,4032,3024,2066001,2CAB2737D72219FE1AD89F1C451529B1DDD1B9E6CC87A91E5801E74B83EC0A50,definitely_unseen,,unlabeled,,unassigned,false,,unreviewed,,
RIFLE_SRC_0463,IMG_4481.JPG,IMG_4481.JPG,air_rifle_10m,1,jpg,4032,3024,2034646,ACA86BFBB42AE446E9F2750B615FE1FABFBA8F62AF54886F4837E5AF27C2CF6A,definitely_unseen,,unlabeled,,unassigned,false,,unreviewed,,
RIFLE_SRC_0464,IMG_4482.JPG,IMG_4482.JPG,air_rifle_10m,1,jpg,4032,3024,1655346,5D82076342273B829BA0682D26E75B2BE9120C84A4179C7154C466B6EAA34A53,definitely_unseen,,unlabeled,,unassigned,false,,unreviewed,,
RIFLE_SRC_0465,IMG_4483.JPG,IMG_4483.JPG,air_rifle_10m,1,jpg,4032,3024,1720416,21505EE3681DC9EE523F28EE26C59AE868359387CE4AB1812EBE6845405F0FE2,definitely_unseen,,unlabeled,,unassigned,false,,unreviewed,,
RIFLE_SRC_0466,IMG_4484.JPG,IMG_4484.JPG,air_rifle_10m,1,jpg,4032,3024,1745003,FDA8B9D9B1738551BD5A34659AD10D94669F142C7E63878B944FC7A17ABF478F,definitely_unseen,,unlabeled,,unassigned,false,,unreviewed,,
RIFLE_SRC_0467,IMG_4485.JPG,IMG_4485.JPG,air_rifle_10m,1,jpg,4032,3024,1678540,86B3AC5433381BE428240253EE7EB12AADCA7924E47B54DD17EBD5D95778CBB4,definitely_unseen,,unlabeled,,unassigned,false,,unreviewed,,
RIFLE_SRC_0468,IMG_4486.JPG,IMG_4486.JPG,air_rifle_10m,1,jpg,4032,3024,1750824,5A433F4C295AB14FF20013841D30BE65D9F6C63C8A03B518B0E10A511C8FA3B3,definitely_unseen,,unlabeled,,unassigned,false,,unreviewed,,
RIFLE_SRC_0469,IMG_4487.JPG,IMG_4487.JPG,air_rifle_10m,1,jpg,4032,3024,1701229,A04B379819A7D4045D4F901C531FFE5F1F5F34C059BB6D16520CEA191BAC4B74,definitely_unseen,,unlabeled,,unassigned,false,,unreviewed,,
RIFLE_SRC_0470,IMG_4488.JPG,IMG_4488.JPG,air_rifle_10m,1,jpg,4032,3024,1686268,5B1E95ACA312E1D7F7299E8B72C4257373D6CD698F4E8FEB468EF1421BC76249,definitely_unseen,,unlabeled,,unassigned,false,,unreviewed,,
RIFLE_SRC_0471,IMG_4489.JPG,IMG_4489.JPG,air_rifle_10m,1,jpg,4032,3024,2011455,5D193605630D95E5836360EDB9E070BA6DFDC06D2E0B1872F4CEDD7E38CF607B,definitely_unseen,,unlabeled,,unassigned,false,,unreviewed,,
RIFLE_SRC_0472,IMG_4490.JPG,IMG_4490.JPG,air_rifle_10m,1,jpg,4032,3024,1720494,CDFDCCCD5A602C4BF3AA88AA9C2FB45181900E349F4CB69CE2DB369ADC55B9E7,definitely_unseen,,unlabeled,,unassigned,false,,unreviewed,,
RIFLE_SRC_0473,IMG_4491.JPG,IMG_4491.JPG,air_rifle_10m,1,jpg,4032,3024,1660310,156E1C6A3EC1B758762B84D4AB86461E92FC6CF35A203FA04A5BAAA9661B5175,definitely_unseen,,unlabeled,,unassigned,false,,unreviewed,,
RIFLE_SRC_0474,IMG_4492.JPG,IMG_4492.JPG,air_rifle_10m,1,jpg,4032,3024,1660267,786A4B57875D0CFCDEC2916032BF7DD1FBF47E0CA874B57F99A6E40077FDA3B6,definitely_unseen,,unlabeled,,unassigned,false,,unreviewed,,
RIFLE_SRC_0475,IMG_4493.JPG,IMG_4493.JPG,air_rifle_10m,1,jpg,4032,3024,1684921,7A00A9F41AEA444C296C189A3A354E73DEA7F487D257E704DBFADC5AA5A82CA9,definitely_unseen,,unlabeled,,unassigned,false,,unreviewed,,
RIFLE_SRC_0476,IMG_4494.JPG,IMG_4494.JPG,air_rifle_10m,1,jpg,4032,3024,1681161,FBE2A429DFB6E7E853FAEECB03D67F85CD5DF449DB72A3D32E3974BDC19401C8,definitely_unseen,,unlabeled,,unassigned,false,,unreviewed,,
RIFLE_SRC_0477,IMG_4495.JPG,IMG_4495.JPG,air_rifle_10m,1,jpg,4032,3024,1691343,7E69D873F408A817A1D1E602DEEBE5F599D63FFA9AE47A14D9C7C8FA9DE36116,definitely_unseen,,unlabeled,,unassigned,false,,unreviewed,,
RIFLE_SRC_0478,IMG_4496.JPG,IMG_4496.JPG,air_rifle_10m,1,jpg,4032,3024,1718083,0440FE9DF2D76E45CBA43BA711B7DEA8179BB3F563AB3D8128F35893F0D549EA,definitely_unseen,,unlabeled,,unassigned,false,,unreviewed,,
RIFLE_SRC_0479,IMG_4497.JPG,IMG_4497.JPG,air_rifle_10m,1,jpg,4032,3024,1675792,2865033C369085659BCCE0CA5215F96D93E3ADA89267CE5D016EABA744775EDD,definitely_unseen,,unlabeled,,unassigned,false,,unreviewed,,
RIFLE_SRC_0480,IMG_4498.JPG,IMG_4498.JPG,air_rifle_10m,1,jpg,4032,3024,1696413,6D2AE9AE3CA3E7ABF85082AE67AFC232E3F5945B7D6A104C90539FF572E5CAA2,definitely_unseen,,unlabeled,,unassigned,false,,unreviewed,,
RIFLE_SRC_0481,IMG_4499.JPG,IMG_4499.JPG,air_rifle_10m,1,jpg,4032,3024,1761562,27777843A0D136D3330C142CF2FE8D77FBFEC58D99BEA60E3C79DA966E75EC9A,definitely_unseen,,unlabeled,,unassigned,false,,unreviewed,,
RIFLE_SRC_0482,IMG_4500.JPG,IMG_4500.JPG,air_rifle_10m,1,jpg,4032,3024,1674848,DE6495B581F8DA05DDCCFEA19C75531D7F82A10BF67748FA9CC9C576B96B4F62,definitely_unseen,,unlabeled,,unassigned,false,,unreviewed,,
RIFLE_SRC_0483,IMG_4501.JPG,IMG_4501.JPG,air_rifle_10m,1,jpg,4032,3024,1686555,84442CE8174601C4F02FDE9315F64DACE1CB81A2095B83780F3A83E1D457961E,definitely_unseen,,unlabeled,,unassigned,false,,unreviewed,,
RIFLE_SRC_0484,IMG_4502.JPG,IMG_4502.JPG,air_rifle_10m,1,jpg,4032,3024,1690270,ED82B9EEEBDBDC0618A36956795CA7A5C2E8660A71A792EBB41EBEE7D1A3EB7C,definitely_unseen,,unlabeled,,unassigned,false,,unreviewed,,
RIFLE_SRC_0485,IMG_4503.JPG,IMG_4503.JPG,air_rifle_10m,1,jpg,4032,3024,2037198,A12D8772F9E13204F770E8BC3598D55EE162CB76202047EE154AA52FACCFF48F,definitely_unseen,,unlabeled,,unassigned,false,,unreviewed,,
RIFLE_SRC_0486,IMG_4504.JPG,IMG_4504.JPG,air_rifle_10m,1,jpg,4032,3024,1727099,1C7856BA12B757133C7F95E75751B7D46FAD116D497777160B5ADF2D65567949,definitely_unseen,,unlabeled,,unassigned,false,,unreviewed,,
RIFLE_SRC_0487,IMG_4505.JPG,IMG_4505.JPG,air_rifle_10m,1,jpg,4032,3024,1884717,C3E9458246228A17CA568A5F47A3EC4FD5D3FC0E244C4EA2046B41E3548B97F0,definitely_unseen,,unlabeled,,unassigned,false,,unreviewed,,
RIFLE_SRC_0488,IMG_4506.JPG,IMG_4506.JPG,air_rifle_10m,1,jpg,4032,3024,1626053,B6A81E30441DE247E90C87A3DE93BA9566B2BFB2D4070CA8771640A1705F44F1,definitely_unseen,,unlabeled,,unassigned,false,,unreviewed,,
RIFLE_SRC_0489,IMG_4507.JPG,IMG_4507.JPG,air_rifle_10m,1,jpg,4032,3024,1645632,B633945115B07AF1084D9FC85D0E563C30934B39D878283B5D6546EAD9A8F4FD,definitely_unseen,,unlabeled,,unassigned,false,,unreviewed,,
RIFLE_SRC_0490,IMG_4508.JPG,IMG_4508.JPG,air_rifle_10m,1,jpg,4032,3024,1923592,6D0E3DB7E657D4C055D15947E7D1D28A29D6EDCBF412DB5E9740EFE59DD98754,definitely_unseen,,unlabeled,,unassigned,false,,unreviewed,,
RIFLE_SRC_0491,IMG_4509.JPG,IMG_4509.JPG,air_rifle_10m,1,jpg,4032,3024,1639610,2331ECC24BED86EF9F8E3ABD9AED1F67AE016716D8E12CD490F2274BD1CA56B7,definitely_unseen,,unlabeled,,unassigned,false,,unreviewed,,
RIFLE_SRC_0492,IMG_4510.JPG,IMG_4510.JPG,air_rifle_10m,1,jpg,4032,3024,1842604,D801714E46D4037986D787F59A3035F850659B7B423CFFCAD33880BDA65863EE,definitely_unseen,,unlabeled,,unassigned,false,,unreviewed,,
RIFLE_SRC_0493,IMG_4511.JPG,IMG_4511.JPG,air_rifle_10m,1,jpg,4032,3024,1607976,E5865E706EB362E127FA64FD25B8C5AB8C654B9EDF6F1C98A31569C0F04BD87D,definitely_unseen,,unlabeled,,unassigned,false,,unreviewed,,
RIFLE_SRC_0494,IMG_4512.JPG,IMG_4512.JPG,air_rifle_10m,1,jpg,4032,3024,1602368,8DA2464872E0DC21DE250CAAF801F8EFB60BBC3D18E8851BFEF5375EDB395505,definitely_unseen,,unlabeled,,unassigned,false,,unreviewed,,
RIFLE_SRC_0495,IMG_4513.JPG,IMG_4513.JPG,air_rifle_10m,1,jpg,4032,3024,1834313,D3157DF4470BAE58CBAABA183B9AE8E3A458C1E8E41E68B374C2FA362766BE6D,definitely_unseen,,unlabeled,,unassigned,false,,unreviewed,,
RIFLE_SRC_0496,IMG_4514.JPG,IMG_4514.JPG,air_rifle_10m,1,jpg,4032,3024,1546412,C2DD7AD1F649E5063C7DB631382C0325F7951EA0367502B4A3C8DE51C274B3AD,definitely_unseen,,unlabeled,,unassigned,false,,unreviewed,,
RIFLE_SRC_0497,IMG_4515.JPG,IMG_4515.JPG,air_rifle_10m,1,jpg,4032,3024,1559137,32D15CA38DDF0B07C480D0F729AD744B0FC4BCDCA064FE49B3D9EFABCDBC09C2,definitely_unseen,,unlabeled,,unassigned,false,,unreviewed,,
RIFLE_SRC_0498,IMG_4516.JPG,IMG_4516.JPG,air_rifle_10m,1,jpg,4032,3024,1538597,E43DABF14B43DE9F56188206EDEB617498D968C3745BA79CFFE68FE94E54010A,definitely_unseen,,unlabeled,,unassigned,false,,unreviewed,,
RIFLE_SRC_0499,IMG_4517.JPG,IMG_4517.JPG,air_rifle_10m,1,jpg,4032,3024,1496136,6B8B26972A5F39A1B07540181EE5A9CA555EF2875B4A268DB2C846E359E9140A,definitely_unseen,,unlabeled,,unassigned,false,,unreviewed,,
RIFLE_SRC_0500,IMG_4518.JPG,IMG_4518.JPG,air_rifle_10m,1,jpg,4032,3024,1496590,7483D8C01354028E6F7FE6E65C59BB606CFE5FE0030379BE2A4E6EF61404711F,definitely_unseen,,unlabeled,,unassigned,false,,unreviewed,,
RIFLE_SRC_0501,IMG_4519.JPG,IMG_4519.JPG,air_rifle_10m,1,jpg,4032,3024,1497625,E316EDC639A05E3C37A20F14C05859A602E07B6A91070D8D450D5C667C9C5FF3,definitely_unseen,,unlabeled,,unassigned,false,,unreviewed,,
RIFLE_SRC_0502,IMG_4520.JPG,IMG_4520.JPG,air_rifle_10m,1,jpg,4032,3024,1514461,2687EE7D25CCB2E4DAEB13764BC6C42DE200A6F25B534E64C424AEC937AB3EEC,definitely_unseen,,unlabeled,,unassigned,false,,unreviewed,,
RIFLE_SRC_0503,IMG_4521.JPG,IMG_4521.JPG,air_rifle_10m,1,jpg,4032,3024,1510524,03D97F75DA802C11DC693DF27AE8F33858CF50C3B391D869C4AB5E2178E1C4E2,definitely_unseen,,unlabeled,,unassigned,false,,unreviewed,,
RIFLE_SRC_0504,IMG_4522.JPG,IMG_4522.JPG,air_rifle_10m,1,jpg,4032,3024,1516049,7B9725611A2EEF81CC166CB2CBCCDE6D7ECAEECDB3341E317778F7A9279A9650,definitely_unseen,,unlabeled,,unassigned,false,,unreviewed,,
RIFLE_SRC_0505,IMG_4523.JPG,IMG_4523.JPG,air_rifle_10m,1,jpg,4032,3024,1461585,FD46F551D4376C9070507EDA5318BA725AA0B800F98E11F9EAD3DB0F21BF63A6,definitely_unseen,,unlabeled,,unassigned,false,,unreviewed,,
RIFLE_SRC_0506,IMG_4524.JPG,IMG_4524.JPG,air_rifle_10m,1,jpg,4032,3024,1536258,AB1E18C91D3A9D8FD3709D9C8E957C95763D0A9C74CE56C09DE9C3B57D4992AC,definitely_unseen,,unlabeled,,unassigned,false,,unreviewed,,
RIFLE_SRC_0507,IMG_4525.JPG,IMG_4525.JPG,air_rifle_10m,1,jpg,4032,3024,1489889,13D0E5D4EC3FA899451E88BA889F059CA59735B2A179F88D748968C91D3D5439,definitely_unseen,,unlabeled,,unassigned,false,,unreviewed,,
RIFLE_SRC_0508,IMG_4526.JPG,IMG_4526.JPG,air_rifle_10m,1,jpg,4032,3024,1562516,933BFFA9445D5FC683FD7A966A56E6F06BDA23AF1C027B4A3632C12230DF8163,definitely_unseen,,unlabeled,,unassigned,false,,unreviewed,,
RIFLE_SRC_0509,IMG_4527.JPG,IMG_4527.JPG,air_rifle_10m,1,jpg,4032,3024,1494217,AD72AA46B923CC0ED6A1E6460E4A8E670A80E5A9FFFEB950D3E125B3BDE4F682,definitely_unseen,,unlabeled,,unassigned,false,,unreviewed,,
RIFLE_SRC_0510,IMG_4528.JPG,IMG_4528.JPG,air_rifle_10m,1,jpg,4032,3024,1455324,19480E6CCBCA704706609D000F6D537FCC0DAB5EE0825DDAD89F85137BF8D6CD,definitely_unseen,,unlabeled,,unassigned,false,,unreviewed,,
RIFLE_SRC_0511,IMG_4529.JPG,IMG_4529.JPG,air_rifle_10m,1,jpg,4032,3024,1452381,E86684765716E0463EF38C2E92C371362E129E5FC19BBCA608C772964F80384A,definitely_unseen,,unlabeled,,unassigned,false,,unreviewed,,
RIFLE_SRC_0512,IMG_4530.JPG,IMG_4530.JPG,air_rifle_10m,1,jpg,4032,3024,1468610,4535E8ACD68877AB308771E162A62F85A104970B5ECD3671924E7167A5B3F40F,definitely_unseen,,unlabeled,,unassigned,false,,unreviewed,,
RIFLE_SRC_0513,IMG_4531.JPG,IMG_4531.JPG,air_rifle_10m,1,jpg,4032,3024,1545331,D7C32DD17F17132733CAF4FA25D6FB283D2DAC773D5C0542BDDB3F33282897F9,definitely_unseen,,unlabeled,,unassigned,false,,unreviewed,,
RIFLE_SRC_0514,IMG_4532.JPG,IMG_4532.JPG,air_rifle_10m,1,jpg,4032,3024,1627041,27C99C87593FB32AD91C4E07C8665AF7D0D5FD93A51A16BDF90B800B25394C74,definitely_unseen,,unlabeled,,unassigned,false,,unreviewed,,
RIFLE_SRC_0515,IMG_4533.JPG,IMG_4533.JPG,air_rifle_10m,1,jpg,4032,3024,1481936,3C8C056EC5AEA64E0E5F84F0597B27D0E02A41C38E05E72331EAB4ED1AA84962,definitely_unseen,,unlabeled,,unassigned,false,,unreviewed,,
RIFLE_SRC_0516,IMG_4534.JPG,IMG_4534.JPG,air_rifle_10m,1,jpg,4032,3024,1498621,F46D5E3EF2EC3325EDEE440492E2ECA97B4908F67AC2B2FB8CA2DAD5AF7685D9,definitely_unseen,,unlabeled,,unassigned,false,,unreviewed,,
RIFLE_SRC_0517,IMG_4535.JPG,IMG_4535.JPG,air_rifle_10m,1,jpg,4032,3024,1483154,67CCA5ED61133FD14435F3188A8C004759CF457CCDAA8E7288042B2FE2B1311A,definitely_unseen,,unlabeled,,unassigned,false,,unreviewed,,
RIFLE_SRC_0518,IMG_4536.JPG,IMG_4536.JPG,air_rifle_10m,1,jpg,4032,3024,1472001,CA60F679E255E87330FD7A6F650AE939EE8F93FD3F444830AEEBD2AEF952F52D,definitely_unseen,,unlabeled,,unassigned,false,,unreviewed,,
RIFLE_SRC_0519,IMG_4537.JPG,IMG_4537.JPG,air_rifle_10m,1,jpg,4032,3024,1518794,76CA7CA3BAD61D405F5113C383FE541A24FC8EA97D3D22C20F48DC0374E530FF,definitely_unseen,,unlabeled,,unassigned,false,,unreviewed,,
RIFLE_SRC_0520,IMG_4538.JPG,IMG_4538.JPG,air_rifle_10m,1,jpg,4032,3024,1510314,AB4C2206FB1898980D4AB0E00618107FDFCA8C309F4FA9D63842071F667FE3D5,definitely_unseen,,unlabeled,,unassigned,false,,unreviewed,,
RIFLE_SRC_0521,IMG_4539.JPG,IMG_4539.JPG,air_rifle_10m,1,jpg,4032,3024,1437355,D32822ACC0575E6F90927E90033F4D44BC934B6161E54CDFFFC726895B44693C,definitely_unseen,,unlabeled,,unassigned,false,,unreviewed,,
RIFLE_SRC_0522,IMG_4540.JPG,IMG_4540.JPG,air_rifle_10m,1,jpg,4032,3024,1645632,F5BC987DA5D0A180EB2F0EA34234A1917B358C04CBD5EAE3371D64FE3CF05081,definitely_unseen,,unlabeled,,unassigned,false,,unreviewed,,
RIFLE_SRC_0523,IMG_4541.JPG,IMG_4541.JPG,air_rifle_10m,1,jpg,4032,3024,1478172,1BC298B511647B593EA8E1592A4C3551CDB4CE6A8AF07D82BB4E409BFFF2DCAE,definitely_unseen,,unlabeled,,unassigned,false,,unreviewed,,
RIFLE_SRC_0524,IMG_4542.JPG,IMG_4542.JPG,air_rifle_10m,1,jpg,4032,3024,1504103,385A371563A3697FB9DFDFE701C89880E289CB3BEC1F042A180E5129AE985706,definitely_unseen,,unlabeled,,unassigned,false,,unreviewed,,
RIFLE_SRC_0525,IMG_4543.JPG,IMG_4543.JPG,air_rifle_10m,1,jpg,4032,3024,1501298,AD250BA51FE7FE943018332236D7C32A71271A0A2C86D8AF0B772163851B8AB2,definitely_unseen,,unlabeled,,unassigned,false,,unreviewed,,
RIFLE_SRC_0526,IMG_4544.JPG,IMG_4544.JPG,air_rifle_10m,1,jpg,4032,3024,1500261,D0D52E2BF47F0C4C3A13B31EA0BBAE879BA6D4372A741D21A33CDAF3BE7BE347,definitely_unseen,,unlabeled,,unassigned,false,,unreviewed,,
RIFLE_SRC_0527,IMG_4545.JPG,IMG_4545.JPG,air_rifle_10m,1,jpg,4032,3024,1489981,5172CB0E65A391C8AD56E39975C4ABD03661A5717252CD2BCBA4C772AB989C2C,definitely_unseen,,unlabeled,,unassigned,false,,unreviewed,,
RIFLE_SRC_0528,IMG_4546.JPG,IMG_4546.JPG,air_rifle_10m,1,jpg,4032,3024,1458494,543EC7E83381DF4DB454B73A5EAF82A1520B22A9EA74F85A956189A7BE06AB35,definitely_unseen,,unlabeled,,unassigned,false,,unreviewed,,
RIFLE_SRC_0529,IMG_4547.JPG,IMG_4547.JPG,air_rifle_10m,1,jpg,4032,3024,1658690,B614670776E90E693769D774C9CBE49D43BB6ECD2B927B8F6E7FB045615AFB8F,definitely_unseen,,unlabeled,,unassigned,false,,unreviewed,,
RIFLE_SRC_0530,IMG_4548.JPG,IMG_4548.JPG,air_rifle_10m,1,jpg,4032,3024,1494727,905BEFA8AAE3B5CB9587D7309D5EA87F31CAF081C2D4060F10E05F2F6C567C82,definitely_unseen,,unlabeled,,unassigned,false,,unreviewed,,
RIFLE_SRC_0531,IMG_4549.JPG,IMG_4549.JPG,air_rifle_10m,1,jpg,4032,3024,1412384,E3C84006A965D3305040886CA2AE2B864228A7FD64EC5EFD255784FBF6A5B8F5,definitely_unseen,,unlabeled,,unassigned,false,,unreviewed,,
RIFLE_SRC_0532,IMG_4550.JPG,IMG_4550.JPG,air_rifle_10m,1,jpg,4032,3024,1491446,A47E9DA0CF9FCE9ABACF511C2189A7F6A6233898E0598A956636F08141283224,definitely_unseen,,unlabeled,,unassigned,false,,unreviewed,,
RIFLE_SRC_0533,IMG_4551.JPG,IMG_4551.JPG,air_rifle_10m,1,jpg,4032,3024,1404570,358F54558C807F06E504BEBEA58984B37BF9A60DF21E5AABDF3E29CC3C3A7B02,definitely_unseen,,unlabeled,,unassigned,false,,unreviewed,,
RIFLE_SRC_0534,IMG_4552.JPG,IMG_4552.JPG,air_rifle_10m,1,jpg,4032,3024,1471807,32E4BC26A7071B0929F9E58D5ECD8113F0E4055EC743CD84CCDAD2F6E9D62ED1,definitely_unseen,,unlabeled,,unassigned,false,,unreviewed,,
RIFLE_SRC_0535,IMG_4553.JPG,IMG_4553.JPG,air_rifle_10m,1,jpg,4032,3024,1478597,D3D58656F54A41DF9292543964ACF7BED454E959DFB5E173AD49C55D06981DD4,definitely_unseen,,unlabeled,,unassigned,false,,unreviewed,,
RIFLE_SRC_0536,IMG_4554.JPG,IMG_4554.JPG,air_rifle_10m,1,jpg,4032,3024,1465455,49D38C4953F87B2C10833B8F25C7938C0E0DBE513757D2970E8FBBA501DAB178,definitely_unseen,,unlabeled,,unassigned,false,,unreviewed,,
RIFLE_SRC_0537,IMG_4555.JPG,IMG_4555.JPG,air_rifle_10m,1,jpg,4032,3024,1498214,913867C6D30000B17E6A7FED5D2D161FEC0637DABFDE38B5DEA411E8228F9EE6,definitely_unseen,,unlabeled,,unassigned,false,,unreviewed,,
RIFLE_SRC_0538,IMG_4556.JPG,IMG_4556.JPG,air_rifle_10m,1,jpg,4032,3024,1495458,474F3D90BA35DE735DAF7547A160A6877431416ECCD1C37C52636C8BCBDD7B23,definitely_unseen,,unlabeled,,unassigned,false,,unreviewed,,
RIFLE_SRC_0539,IMG_4557.JPG,IMG_4557.JPG,air_rifle_10m,1,jpg,4032,3024,1463796,D5783CF160EBE6C1F54056FF6ECE77EDCE2C3EADAB3C7DAEF96EE0DEA653D6D5,definitely_unseen,,unlabeled,,unassigned,false,,unreviewed,,
RIFLE_SRC_0540,IMG_4558.JPG,IMG_4558.JPG,air_rifle_10m,1,jpg,4032,3024,1460807,2E18DFA8187F6B58F648633BA1960951996B5D9FF9AE57A04533728F6C46D941,definitely_unseen,,unlabeled,,unassigned,false,,unreviewed,,
RIFLE_SRC_0541,IMG_4559.JPG,IMG_4559.JPG,air_rifle_10m,1,jpg,4032,3024,1514152,BA8AADFC40C7766DE983D493B43400F4589E6BBCE0EE7DA10DF59E3918795C83,definitely_unseen,,unlabeled,,unassigned,false,,unreviewed,,
RIFLE_SRC_0542,IMG_4560.JPG,IMG_4560.JPG,air_rifle_10m,1,jpg,4032,3024,1527130,0A47C2DE1F9501EAE088C39B9B9C5021D6D3C9C213FB501370B0B13EB2E31FF6,definitely_unseen,,unlabeled,,unassigned,false,,unreviewed,,
RIFLE_SRC_0543,IMG_4561.JPG,IMG_4561.JPG,air_rifle_10m,1,jpg,4032,3024,1460763,7B159EC1A4C890AFFD245A9D6BB9E377F9E9D96CE8C35C68D5E4D9E244F9C8C2,definitely_unseen,,unlabeled,,unassigned,false,,unreviewed,,
RIFLE_SRC_0544,IMG_4562.JPG,IMG_4562.JPG,air_rifle_10m,1,jpg,4032,3024,1330388,AA4A74AAB356CBB96CF76C98716072F03EE890F88826A1B3C4BE8481FC74DA1A,definitely_unseen,,unlabeled,,unassigned,false,,unreviewed,,
RIFLE_SRC_0545,IMG_4563.JPG,IMG_4563.JPG,air_rifle_10m,1,jpg,4032,3024,1307264,703AF0845FF61B12E5BEE02DFA3CBAF37B4B0D16E9CD8A23CB2B40C91B1BC0DD,definitely_unseen,,unlabeled,,unassigned,false,,unreviewed,,
RIFLE_SRC_0546,IMG_4564.JPG,IMG_4564.JPG,air_rifle_10m,1,jpg,4032,3024,1235388,91EAAFAE608389BA5E2094722A0064BDB87AFDED1E21258760431F634A7477C4,definitely_unseen,,unlabeled,,unassigned,false,,unreviewed,,
RIFLE_SRC_0547,IMG_4565.JPG,IMG_4565.JPG,air_rifle_10m,1,jpg,4032,3024,1430590,564332ECD2451DD1BF6ABC30493673DC65D91C4C5D3DC370396D0D880E8EF7D9,definitely_unseen,,unlabeled,,unassigned,false,,unreviewed,,
RIFLE_SRC_0548,IMG_4566.JPG,IMG_4566.JPG,air_rifle_10m,1,jpg,4032,3024,1383189,9D1C30B75139826311461FE6DE6389D5929E462EE9C4BA7FFBEAA04E3D5AF718,definitely_unseen,,unlabeled,,unassigned,false,,unreviewed,,
RIFLE_SRC_0549,IMG_4567.JPG,IMG_4567.JPG,air_rifle_10m,1,jpg,4032,3024,1331036,69F1E49F47EB851DE6A58A0B277C347B0E9C2B6AF3ECAD09A562C435DDF5A688,definitely_unseen,,unlabeled,,unassigned,false,,unreviewed,,
RIFLE_SRC_0550,IMG_4568.JPG,IMG_4568.JPG,air_rifle_10m,1,jpg,4032,3024,1500366,75CF574197651A5336D59C93C5E899B882B013AC4A4AAFE7C7B5145E8A91F1C6,definitely_unseen,,unlabeled,,unassigned,false,,unreviewed,,
RIFLE_SRC_0551,IMG_4569.JPG,IMG_4569.JPG,air_rifle_10m,1,jpg,4032,3024,1471291,C6E760382BCEA26A261D3B2865A7F21EEE280A763D1A92C5282AC08D672475BB,definitely_unseen,,unlabeled,,unassigned,false,,unreviewed,,
RIFLE_SRC_0552,IMG_4570.JPG,IMG_4570.JPG,air_rifle_10m,1,jpg,4032,3024,1370902,8EF10DDD0481A899876F6E8D635C16EA1C62BD12CDFDAEBE37B4AC8DCB4958BA,definitely_unseen,,unlabeled,,unassigned,false,,unreviewed,,
RIFLE_SRC_0553,IMG_4571.JPG,IMG_4571.JPG,air_rifle_10m,1,jpg,4032,3024,1290550,BC6485140D24469CF6FABC481429D99A133538AFAE13A80C3CABAD8A9C5BD064,definitely_unseen,,unlabeled,,unassigned,false,,unreviewed,,
RIFLE_SRC_0554,IMG_4572.JPG,IMG_4572.JPG,air_rifle_10m,1,jpg,4032,3024,1438549,53081BCA807325A16CB037B4228189426DBC222F309E5854D881D3233AC83570,definitely_unseen,,unlabeled,,unassigned,false,,unreviewed,,
RIFLE_SRC_0555,IMG_4573.JPG,IMG_4573.JPG,air_rifle_10m,1,jpg,4032,3024,1261291,C345853BFAA94C16B21FF731E72342A3563CCC5B60A14F8DDB02037177A88B09,definitely_unseen,,unlabeled,,unassigned,false,,unreviewed,,
RIFLE_SRC_0556,IMG_4574.JPG,IMG_4574.JPG,air_rifle_10m,1,jpg,4032,3024,1455347,E94B774E3BF33396FAF6CE4E3371D4A585B3E18DCD3BDA2E0CBD84E456E66121,definitely_unseen,,unlabeled,,unassigned,false,,unreviewed,,
RIFLE_SRC_0557,IMG_4575.JPG,IMG_4575.JPG,air_rifle_10m,1,jpg,4032,3024,1410087,441EC80896C0747614E76B104A6C6FC02254129E9488B479884ECF6C2CF9F649,definitely_unseen,,unlabeled,,unassigned,false,,unreviewed,,
RIFLE_SRC_0558,IMG_4576.JPG,IMG_4576.JPG,air_rifle_10m,1,jpg,4032,3024,1398445,1C809C01DE17F8CA5DAF6928E5109FE7D743F55ACD54A0478649DB55C2EDEAEA,definitely_unseen,,unlabeled,,unassigned,false,,unreviewed,,
RIFLE_SRC_0559,IMG_4577.JPG,IMG_4577.JPG,air_rifle_10m,1,jpg,4032,3024,1400814,DB8DE5CF3D5F7637E78B66C92BF2C2139DAB0BC4668C000B81F0C300756780C4,definitely_unseen,,unlabeled,,unassigned,false,,unreviewed,,
RIFLE_SRC_0560,IMG_4578.JPG,IMG_4578.JPG,air_rifle_10m,1,jpg,4032,3024,1323631,AA6E119254659DD81EF7CBC3FE345D16AC4F891EFB62D7D7F3DC1336E2A7704E,definitely_unseen,,unlabeled,,unassigned,false,,unreviewed,,
RIFLE_SRC_0561,IMG_4579.JPG,IMG_4579.JPG,air_rifle_10m,1,jpg,4032,3024,1384185,7D8B235D1FF24CB9027B0D8F8C28E1EA7E893A41EB3996D64A9138777438D35A,definitely_unseen,,unlabeled,,unassigned,false,,unreviewed,,
RIFLE_SRC_0562,IMG_4580.JPG,IMG_4580.JPG,air_rifle_10m,1,jpg,4032,3024,1322326,03C72AA81967B1FCCDD6460600A186B8823387ECFE174C5F43C05E048D2B61B0,definitely_unseen,,unlabeled,,unassigned,false,,unreviewed,,
RIFLE_SRC_0563,IMG_4581.JPG,IMG_4581.JPG,air_rifle_10m,1,jpg,4032,3024,1303251,C92F938D31A8D7ACF2FAF83D54572E669C4D4B2076F05089203A074D1FAA2491,definitely_unseen,,unlabeled,,unassigned,false,,unreviewed,,
RIFLE_SRC_0564,IMG_4582.JPG,IMG_4582.JPG,air_rifle_10m,1,jpg,4032,3024,1375638,1710A7A0540020C20F8075596855929894562DCFEF04BCA0DA2F8AEEC0BE1C89,definitely_unseen,,unlabeled,,unassigned,false,,unreviewed,,
RIFLE_SRC_0565,IMG_4583.JPG,IMG_4583.JPG,air_rifle_10m,1,jpg,4032,3024,1343587,CF5986871BF636FD42C36951808D9104E5509FD17DF25C3E11BBFA72B0878FA3,definitely_unseen,,unlabeled,,unassigned,false,,unreviewed,,
RIFLE_SRC_0566,IMG_4584.JPG,IMG_4584.JPG,air_rifle_10m,1,jpg,4032,3024,1311011,2F2EFC6AED57B80C625B2C1C7E94F409181A378F8770133622177727034B416B,definitely_unseen,,unlabeled,,unassigned,false,,unreviewed,,
RIFLE_SRC_0567,IMG_4585.JPG,IMG_4585.JPG,air_rifle_10m,1,jpg,4032,3024,1377758,44C0C871E42D147A242602EBC0FA815272B219197F36666A90FDFDD42A75604A,definitely_unseen,,unlabeled,,unassigned,false,,unreviewed,,
RIFLE_SRC_0568,IMG_4586.JPG,IMG_4586.JPG,air_rifle_10m,1,jpg,4032,3024,1317067,C375065295E0C0B641E53D87213C80E1B114470EC1D0ED15033D76A62112C962,definitely_unseen,,unlabeled,,unassigned,false,,unreviewed,,
RIFLE_SRC_0569,IMG_4587.JPG,IMG_4587.JPG,air_rifle_10m,1,jpg,4032,3024,1386416,2C46509783EB2A791731526037E945D5C541C591009A1A46460BF52E1DF6F215,definitely_unseen,,unlabeled,,unassigned,false,,unreviewed,,
RIFLE_SRC_0570,IMG_4588.JPG,IMG_4588.JPG,air_rifle_10m,1,jpg,4032,3024,1264830,11E5F428026FD670B5DF7B50730DCA150D2898510514FAFD6405FCC15F445C8C,definitely_unseen,,unlabeled,,unassigned,false,,unreviewed,,
RIFLE_SRC_0571,IMG_4589.JPG,IMG_4589.JPG,air_rifle_10m,1,jpg,4032,3024,1505816,53AD9DC2E3D65EFCAF04334C8F7C28F2B82D7E5BE58E8335991184CF9694C0C4,definitely_unseen,,unlabeled,,unassigned,false,,unreviewed,,
RIFLE_SRC_0572,IMG_4590.JPG,IMG_4590.JPG,air_rifle_10m,1,jpg,4032,3024,1288625,5B460E04CCAEF5887EA2DCDC890025D6881AEF4BA6F2CA9979DC56B36CEB61DC,definitely_unseen,,unlabeled,,unassigned,false,,unreviewed,,
RIFLE_SRC_0573,IMG_4591.JPG,IMG_4591.JPG,air_rifle_10m,1,jpg,4032,3024,1395724,F0AB6E2200058CF1D673531BA98D7F3EFB78A128E882EF042CD8BEFD93C5F6E4,definitely_unseen,,unlabeled,,unassigned,false,,unreviewed,,
RIFLE_SRC_0574,IMG_4592.JPG,IMG_4592.JPG,air_rifle_10m,1,jpg,4032,3024,1346677,C38546C87B06F41DFF64CA65AE2BEC88EF8235A4E54EF6881A299D39289C0FC9,definitely_unseen,,unlabeled,,unassigned,false,,unreviewed,,
RIFLE_SRC_0575,IMG_4593.JPG,IMG_4593.JPG,air_rifle_10m,1,jpg,4032,3024,1431584,E8B7E928DA0C6B65F70FD8AE1A70D19D0A19BC5BB877154E015B1F1BC6162903,definitely_unseen,,unlabeled,,unassigned,false,,unreviewed,,
RIFLE_SRC_0576,IMG_4594.JPG,IMG_4594.JPG,air_rifle_10m,1,jpg,4032,3024,1331075,4B5D72786E7C67CB1040AA50E78B2EDE7BC03809290D4949AF9234B2B3E8F819,definitely_unseen,,unlabeled,,unassigned,false,,unreviewed,,
RIFLE_SRC_0577,IMG_4595.JPG,IMG_4595.JPG,air_rifle_10m,1,jpg,4032,3024,1304480,37560CD95F06B343BED5CF58E8D2D7D50954B94D4730FAFB6AEEDA3FBFC4FF39,definitely_unseen,,unlabeled,,unassigned,false,,unreviewed,,
RIFLE_SRC_0578,IMG_4596.JPG,IMG_4596.JPG,air_rifle_10m,1,jpg,4032,3024,1273592,8B7513212695AA385F694B354170A50E82E1869B6B20FE9DED551B5D320E7585,definitely_unseen,,unlabeled,,unassigned,false,,unreviewed,,
RIFLE_SRC_0579,IMG_4597.JPG,IMG_4597.JPG,air_rifle_10m,1,jpg,4032,3024,1348564,497E134D31604D3D28144E7844BA1E4D900D396C7588108BED586DD961DC8181,definitely_unseen,,unlabeled,,unassigned,false,,unreviewed,,
RIFLE_SRC_0580,IMG_4598.JPG,IMG_4598.JPG,air_rifle_10m,1,jpg,4032,3024,1482951,773F7A9860A3CBFEE5C25B09BB5D978933A74548014ABA2853A0B45C50FAACD1,definitely_unseen,,unlabeled,,unassigned,false,,unreviewed,,
RIFLE_SRC_0581,IMG_4599.JPG,IMG_4599.JPG,air_rifle_10m,1,jpg,4032,3024,1336221,F0C615F5AF79691296AE1E8A14649B42C1FA14C887EF1B72FD47EB1EABE0BD62,definitely_unseen,,unlabeled,,unassigned,false,,unreviewed,,
RIFLE_SRC_0582,IMG_4600.JPG,IMG_4600.JPG,air_rifle_10m,1,jpg,4032,3024,1204266,09C6D78A918AEBC5C27FD41D187DFF955194CA7A93DD50130A8ECCDE931F8B25,definitely_unseen,,unlabeled,,unassigned,false,,unreviewed,,
RIFLE_SRC_0583,IMG_4601.JPG,IMG_4601.JPG,air_rifle_10m,1,jpg,4032,3024,1493693,5FE3A5536936C65F518FEE01D7F39DA42ECB3A100DFD6B05C930A66DF0F4BA8A,definitely_unseen,,unlabeled,,unassigned,false,,unreviewed,,
RIFLE_SRC_0584,IMG_4602.JPG,IMG_4602.JPG,air_rifle_10m,1,jpg,4032,3024,1445598,1ACE576726ED600AAE36D0FD9FCBACB932633F275B533D5FC66CD1DB1B73AEE5,definitely_unseen,,unlabeled,,unassigned,false,,unreviewed,,
RIFLE_SRC_0585,IMG_4603.JPG,IMG_4603.JPG,air_rifle_10m,1,jpg,4032,3024,1344769,3EE75795E401B1104D216DA9ED0BA45CE8D983089310905EF68B99A0C9DBF791,definitely_unseen,,unlabeled,,unassigned,false,,unreviewed,,
RIFLE_SRC_0586,IMG_4604.JPG,IMG_4604.JPG,air_rifle_10m,1,jpg,4032,3024,1529949,4077F783F4DBA98E9BC95C66C66AB23F38FD394AA806B244E73B8024B34C88A5,definitely_unseen,,unlabeled,,unassigned,false,,unreviewed,,
RIFLE_SRC_0587,IMG_4605.JPG,IMG_4605.JPG,air_rifle_10m,1,jpg,4032,3024,1418060,81464587A0CFCA5B8CAC981AE863A28D1F7C15E92BD2D6D54A2BE5FE097BC75A,definitely_unseen,,unlabeled,,unassigned,false,,unreviewed,,
RIFLE_SRC_0588,IMG_4606.JPG,IMG_4606.JPG,air_rifle_10m,1,jpg,4032,3024,1336079,55F22E7C6B50F5FD69E91FDC2DBE3BB6E269A4F428AA69A0CFD27646B86FA304,definitely_unseen,,unlabeled,,unassigned,false,,unreviewed,,
RIFLE_SRC_0589,IMG_4607.JPG,IMG_4607.JPG,air_rifle_10m,1,jpg,4032,3024,1309513,383EF63730316FDE4A82C4886BDE981D95E45C487F06276AA89D46E5F466278C,definitely_unseen,,unlabeled,,unassigned,false,,unreviewed,,
RIFLE_SRC_0590,IMG_4608.JPG,IMG_4608.JPG,air_rifle_10m,1,jpg,4032,3024,1292841,7851E5F9BAC386243832A846A0367F2E87748843CBAD3683A897B678B8DF66B5,definitely_unseen,,unlabeled,,unassigned,false,,unreviewed,,
RIFLE_SRC_0591,IMG_4609.JPG,IMG_4609.JPG,air_rifle_10m,1,jpg,4032,3024,1304358,A77ED861556745DD548FC64140BB596BAA88CA207B49438E30B35D8F5EF5990F,definitely_unseen,,unlabeled,,unassigned,false,,unreviewed,,
RIFLE_SRC_0592,IMG_4610.JPG,IMG_4610.JPG,air_rifle_10m,1,jpg,4032,3024,1260790,AF7F10CE58C730654953DB2CC4F6C0FE65D4A7C394098335A74B534958029C07,definitely_unseen,,unlabeled,,unassigned,false,,unreviewed,,
RIFLE_SRC_0593,IMG_4611.JPG,IMG_4611.JPG,air_rifle_10m,1,jpg,4032,3024,1420362,6C384B10EC1538712D1A6D73A6D189D9699C71588F320FD9DB5A2DA906190347,definitely_unseen,,unlabeled,,unassigned,false,,unreviewed,,
RIFLE_SRC_0594,IMG_4612.JPG,IMG_4612.JPG,air_rifle_10m,1,jpg,4032,3024,1455792,2B1269A085398513E22A7D5138495A7F7FAD0554A8B324561C71E7BCFAD89C5E,definitely_unseen,,unlabeled,,unassigned,false,,unreviewed,,
RIFLE_SRC_0595,IMG_4613.JPG,IMG_4613.JPG,air_rifle_10m,1,jpg,4032,3024,1251316,D3D9670838CDFE4DE0C971E85C17FF3899CA56BD7A20BAA6DDED6764976F9FBF,definitely_unseen,,unlabeled,,unassigned,false,,unreviewed,,
RIFLE_SRC_0596,IMG_4614.JPG,IMG_4614.JPG,air_rifle_10m,1,jpg,4032,3024,1246928,AAED46BBB9B909FA80C5C16E00C5BDF1D12F1B1DE5AD4D716FE8A3F62E65D0F1,definitely_unseen,,unlabeled,,unassigned,false,,unreviewed,,
RIFLE_SRC_0597,IMG_4615.JPG,IMG_4615.JPG,air_rifle_10m,1,jpg,4032,3024,1351215,A816BD5094A38B9074F5F565EE2C719BB588277B11A2DB873866819372539771,definitely_unseen,,unlabeled,,unassigned,false,,unreviewed,,
RIFLE_SRC_0598,IMG_4616.JPG,IMG_4616.JPG,air_rifle_10m,1,jpg,4032,3024,1155884,F7C79E8B6989034D6F1A8C4D20C875F6B7B1BE70908CD5668294FD4DEC9D8968,definitely_unseen,,unlabeled,,unassigned,false,,unreviewed,,
RIFLE_SRC_0599,IMG_4617.JPG,IMG_4617.JPG,air_rifle_10m,1,jpg,4032,3024,1314169,8CCFD9AAF446B74F844F8204116BC0445DE23834E482A411E2B17F15135F63F7,definitely_unseen,,unlabeled,,unassigned,false,,unreviewed,,
RIFLE_SRC_0600,IMG_4618.JPG,IMG_4618.JPG,air_rifle_10m,1,jpg,4032,3024,1326831,E212ED692F0589CC6679A77CAB58AA85805C1D5DCE58B2BD2105410EF6AD8AAD,definitely_unseen,,unlabeled,,unassigned,false,,unreviewed,,
