schema_version,annotation_id,source_id,image_sha256,annotation_pass,labeler_id,annotation_timestamp_utc,rule_set_id,software_version,image_width_px,image_height_px,target_anchor_points,target_boundary_points,target_ellipse_center_x_px,target_ellipse_center_y_px,target_ellipse_radius_major_px,target_ellipse_radius_minor_px,target_ellipse_angle_deg,target_ellipse_rms_residual_px,bull_center_x_px,bull_center_y_px,target_center_method,target_label_quality,hole_center_method,hole_anchor_points,hole_final_diagonal_points,hole_center_x_px,hole_center_y_px,hole_boundary_points,hole_point_residuals_px,hole_midpoint_rms_px,hole_midpoint_max_px,hole_pair_midpoint_deviations,hole_ellipse_center_x_px,hole_ellipse_center_y_px,hole_ellipse_radius_major_px,hole_ellipse_radius_minor_px,hole_ellipse_angle_deg,hole_ellipse_rms_residual_px,hole_ellipse_max_residual_px,hole_label_quality,center_distance_mm,derived_score_tenths,review_status,notes
2.7,c04867d0-ff2f-4f3c-a983-33350cf60a36,RIFLE_SRC_0064,B7161F4DB38E569BA4B69D0FFD3E8FFF07BE85E78868659C3D8F884CBEA15C60,A,khai,2026-09-20T21:48:42.080029+00:00,saigon_sniper_air_rifle_10m_decimal_v1,ground_truth_labeler_r1.3e.1e,3024,3024,"[{""x_px"":1512.4603103994036,""y_px"":1236.894218451254,""semantic_role"":""12h""},{""x_px"":2036.5391006942975,""y_px"":1747.669830578419,""semantic_role"":""3h""},{""x_px"":1527.6263841109046,""y_px"":2269.95975301896,""semantic_role"":""6h""},{""x_px"":1004.5018413811024,""y_px"":1760.348493165521,""semantic_role"":""9h""}]","[{""x_px"":1512.4603103994036,""y_px"":1236.894218451254,""semantic_role"":""12h""},{""x_px"":2036.5391006942975,""y_px"":1747.669830578419,""semantic_role"":""3h""},{""x_px"":1527.6263841109046,""y_px"":2269.95975301896,""semantic_role"":""6h""},{""x_px"":1004.5018413811024,""y_px"":1760.348493165521,""semantic_role"":""9h""},{""x_px"":1890.5241981778856,""y_px"":2114.4793121091457,""semantic_role"":null},{""x_px"":1160.763653680346,""y_px"":2123.4444804008617,""semantic_role"":null},{""x_px"":1150.0396201149686,""y_px"":1392.956835497931,""semantic_role"":null},{""x_px"":1879.8001646125083,""y_px"":1383.991667206215,""semantic_role"":null}]",1520.3968505859375,1753.569580078125,516.9957885742188,515.6497802734375,55.84230041503906,0.13282170121682407,1520.0519784733913,1754.014917341643,cardinal_diameter_intersection_v1,good,cardinal_diameter_intersection_v1,"[{""x_px"":1455.142311064125,""y_px"":1631.9554302947452,""semantic_role"":""hole_12h""},{""x_px"":1508.3381592746832,""y_px"":1688.7679113297663,""semantic_role"":""hole_3h""},{""x_px"":1456.062502037069,""y_px"":1741.939704756532,""semantic_role"":""hole_6h""},{""x_px"":1405.5881592746832,""y_px"":1687.7679113297663,""semantic_role"":""hole_9h""}]","[{""x_px"":1493.0755251160056,""y_px"":1726.5745668038048,""semantic_role"":null},{""x_px"":1419.8908075058189,""y_px"":1724.3601102252817,""semantic_role"":null},{""x_px"":1422.7329426620688,""y_px"":1646.0920805377818,""semantic_role"":null},{""x_px"":1492.4248518390502,""y_px"":1648.803940507993,""semantic_role"":null}]",1455.6133433868304,1688.2547744354836,"[{""x_px"":1455.142311064125,""y_px"":1631.9554302947452,""semantic_role"":""hole_12h""},{""x_px"":1508.3381592746832,""y_px"":1688.7679113297663,""semantic_role"":""hole_3h""},{""x_px"":1456.062502037069,""y_px"":1741.939704756532,""semantic_role"":""hole_6h""},{""x_px"":1405.5881592746832,""y_px"":1687.7679113297663,""semantic_role"":""hole_9h""},{""x_px"":1493.0755251160056,""y_px"":1726.5745668038048,""semantic_role"":null},{""x_px"":1419.8908075058189,""y_px"":1724.3601102252817,""semantic_role"":null},{""x_px"":1422.7329426620688,""y_px"":1646.0920805377818,""semantic_role"":null},{""x_px"":1492.4248518390502,""y_px"":1648.803940507993,""semantic_role"":null}]","[0.3917175508326963,0.20049107983096806,0.023250752412945642,0.11088005062205926,0.0697936308215152,0.003912068418994647,0.29640799610630686,0.32919973568880956]",1.1793755385386808,1.3255690034848646,"[{""pair_index"":1,""first_point_index"":1,""second_point_index"":3,""midpoint_x_px"":1456.9631592746832,""midpoint_y_px"":1688.2679113297663,""dx_px"":-0.053491305933221156,""dy_px"":-1.1007970719538207,""distance_px"":1.1020959638037635,""severity"":""warning""},{""pair_index"":2,""first_point_index"":4,""second_point_index"":6,""midpoint_x_px"":1457.9042338890372,""midpoint_y_px"":1686.3333236707933,""dx_px"":-0.9945659202871866,""dy_px"":0.8337905870191662,""distance_px"":1.297832081895984,""severity"":""warning""},{""pair_index"":3,""first_point_index"":2,""second_point_index"":0,""midpoint_x_px"":1455.602406550597,""midpoint_y_px"":1686.9475675256385,""dx_px"":1.3072614181530753,""dy_px"":0.21954673217396703,""distance_px"":1.3255690034848646,""severity"":""warning""},{""pair_index"":4,""first_point_index"":5,""second_point_index"":7,""midpoint_x_px"":1456.1578296724347,""midpoint_y_px"":1686.5820253666375,""dx_px"":0.7518382963153272,""dy_px"":0.5850888911750189,""distance_px"":0.952675093818846,""severity"":""normal""}]",1456.90966796875,1687.1671142578125,54.88518524169922,51.169979095458984,82.73680114746094,0.22571855183828365,0.3917175508326963,usable,4.051769115686778,93,unreviewed,
2.7,4f733e56-68ec-4b1c-a267-34a1b0a30f3c,RIFLE_SRC_0092,120E4B48D5EDB6B6A91FBDA294BD964240C95D79DDCBA38D312738FA97CAD7EA,A,khai,2026-09-20T21:53:05.712504+00:00,saigon_sniper_air_rifle_10m_decimal_v1,ground_truth_labeler_r1.3e.1e,3024,3024,"[{""x_px"":1478.4472716894065,""y_px"":1206.9971763295405,""semantic_role"":""12h""},{""x_px"":1998.474398080381,""y_px"":1725.8934854692657,""semantic_role"":""3h""},{""x_px"":1483.9811138803404,""y_px"":2241.0973639753743,""semantic_role"":""6h""},{""x_px"":964.9216101081838,""y_px"":1724.9892894202658,""semantic_role"":""9h""}]","[{""x_px"":1478.4472716894065,""y_px"":1206.9971763295405,""semantic_role"":""12h""},{""x_px"":1998.474398080381,""y_px"":1725.8934854692657,""semantic_role"":""3h""},{""x_px"":1483.9811138803404,""y_px"":2241.0973639753743,""semantic_role"":""6h""},{""x_px"":964.9216101081838,""y_px"":1724.9892894202658,""semantic_role"":""9h""},{""x_px"":1848.7826501125737,""y_px"":2090.2526522332596,""semantic_role"":null},{""x_px"":1118.1222394286144,""y_px"":2089.557588819839,""semantic_role"":null},{""x_px"":1114.2092220893887,""y_px"":1358.3383337091889,""semantic_role"":null},{""x_px"":1844.869632773348,""y_px"":1359.0333971226091,""semantic_role"":null}]",1481.5931396484375,1724.171630859375,518.519775390625,515.2495727539062,47.323638916015625,0.11572539646803047,1481.221650978038,1725.4409707107482,cardinal_diameter_intersection_v1,good,cardinal_diameter_intersection_v1,"[{""x_px"":1455.910474445467,""y_px"":1683.0197616581358,""semantic_role"":""hole_12h""},{""x_px"":1513.9940256442922,""y_px"":1728.893840223638,""semantic_role"":""hole_3h""},{""x_px"":1472.114937726717,""y_px"":1784.0047554081361,""semantic_role"":""hole_6h""},{""x_px"":1412.9618414653748,""y_px"":1739.9286451372766,""semantic_role"":""hole_9h""}]","[{""x_px"":1505.1947340317934,""y_px"":1765.7639448543976,""semantic_role"":null},{""x_px"":1433.7541914807925,""y_px"":1773.566730237902,""semantic_role"":null},{""x_px"":1422.2959056091322,""y_px"":1702.1595563591957,""semantic_role"":null},{""x_px"":1493.736448160133,""y_px"":1694.3567709756912,""semantic_role"":null}]",1464.1452650924662,1734.3383562691586,"[{""x_px"":1455.910474445467,""y_px"":1683.0197616581358,""semantic_role"":""hole_12h""},{""x_px"":1513.9940256442922,""y_px"":1728.893840223638,""semantic_role"":""hole_3h""},{""x_px"":1472.114937726717,""y_px"":1784.0047554081361,""semantic_role"":""hole_6h""},{""x_px"":1412.9618414653748,""y_px"":1739.9286451372766,""semantic_role"":""hole_9h""},{""x_px"":1505.1947340317934,""y_px"":1765.7639448543976,""semantic_role"":null},{""x_px"":1433.7541914807925,""y_px"":1773.566730237902,""semantic_role"":null},{""x_px"":1422.2959056091322,""y_px"":1702.1595563591957,""semantic_role"":null},{""x_px"":1493.736448160133,""y_px"":1694.3567709756912,""semantic_role"":null}]","[0.20810075853286242,0.16759390280347208,0.21033924106094468,0.16798506611385175,0.2722202319947444,0.02216309571846801,0.27375275990771913,0.03307194746416749]",0.46059636312505675,0.6412431993421714,"[{""pair_index"":1,""first_point_index"":1,""second_point_index"":3,""midpoint_x_px"":1463.4779335548335,""midpoint_y_px"":1734.4112426804572,""dx_px"":0.06747660141650158,""dy_px"":-0.6376831101447351,""distance_px"":0.6412431993421714,""severity"":""normal""},{""pair_index"":2,""first_point_index"":4,""second_point_index"":6,""midpoint_x_px"":1463.7453198204628,""midpoint_y_px"":1733.9617506067966,""dx_px"":-0.19990966421278245,""dy_px"":-0.18819103648411328,""distance_px"":0.2745537106990767,""severity"":""normal""},{""pair_index"":3,""first_point_index"":2,""second_point_index"":0,""midpoint_x_px"":1464.0127060860918,""midpoint_y_px"":1733.512258533136,""dx_px"":-0.4672959298418391,""dy_px"":0.26130103717650854,""distance_px"":0.5353911822922265,""severity"":""normal""},{""pair_index"":4,""first_point_index"":5,""second_point_index"":7,""midpoint_x_px"":1463.7453198204628,""midpoint_y_px"":1733.9617506067966,""dx_px"":-0.19990966421278245,""dy_px"":-0.18819103648411328,""distance_px"":0.2745537106990767,""severity"":""normal""}]",1463.54541015625,1733.7735595703125,52.25459671020508,49.67497634887695,40.90629577636719,0.1918608237471521,0.27375275990771913,usable,0.8498206151378164,106,unreviewed,
2.7,a2fc2a42-2f97-4c15-ae7a-e21f89c5dcbb,RIFLE_SRC_0119,75A17CA48215DE7260ACE989E3BB591A5E9CEE29C9417E09D6431848AC3DDFE6,A,khai,2026-09-20T21:56:45.350509+00:00,saigon_sniper_air_rifle_10m_decimal_v1,ground_truth_labeler_r1.3e.1e,3024,3024,"[{""x_px"":1512.8329656802616,""y_px"":1220.0154962657803,""semantic_role"":""12h""},{""x_px"":2032.6850586328435,""y_px"":1732.646353648954,""semantic_role"":""3h""},{""x_px"":1521.8559349132427,""y_px"":2250.628405003177,""semantic_role"":""6h""},{""x_px"":1007.5240065149594,""y_px"":1739.1272171526923,""semantic_role"":""9h""}]","[{""x_px"":1512.8329656802616,""y_px"":1220.0154962657803,""semantic_role"":""12h""},{""x_px"":2032.6850586328435,""y_px"":1732.646353648954,""semantic_role"":""3h""},{""x_px"":1521.8559349132427,""y_px"":2250.628405003177,""semantic_role"":""6h""},{""x_px"":1007.5240065149594,""y_px"":1739.1272171526923,""semantic_role"":""9h""},{""x_px"":1884.9450061078414,""y_px"":2097.607481733101,""semantic_role"":null},{""x_px"":1160.0466743469499,""y_px"":2102.1901442645385,""semantic_role"":null},{""x_px"":1153.6795864494661,""y_px"":1373.531084851144,""semantic_role"":null},{""x_px"":1878.5779182103577,""y_px"":1368.9484223197062,""semantic_role"":null}]",1519.705810546875,1735.4368896484375,515.4474487304688,512.439208984375,77.36380004882812,0.29460455252398665,1517.3495478798366,1735.9042018640412,cardinal_diameter_intersection_v1,usable,cardinal_diameter_intersection_v1,"[{""x_px"":1436.0402195770494,""y_px"":1784.855519434559,""semantic_role"":""hole_12h""},{""x_px"":1486.9422039520493,""y_px"":1839.068222559559,""semantic_role"":""hole_3h""},{""x_px"":1439.9422039520493,""y_px"":1891.068222559559,""semantic_role"":""hole_6h""},{""x_px"":1386.0672039520493,""y_px"":1836.943222559559,""semantic_role"":""hole_9h""}]","[{""x_px"":1474.2922159402192,""y_px"":1876.2869590472403,""semantic_role"":null},{""x_px"":1402.9628193880262,""y_px"":1874.784357137219,""semantic_role"":null},{""x_px"":1400.2036997763798,""y_px"":1799.680634509378,""semantic_role"":null},{""x_px"":1471.5330963285728,""y_px"":1801.1832364193992,""semantic_role"":null}]",1437.9939753053966,1838.0370950663869,"[{""x_px"":1436.0402195770494,""y_px"":1784.855519434559,""semantic_role"":""hole_12h""},{""x_px"":1486.9422039520493,""y_px"":1839.068222559559,""semantic_role"":""hole_3h""},{""x_px"":1439.9422039520493,""y_px"":1891.068222559559,""semantic_role"":""hole_6h""},{""x_px"":1386.0672039520493,""y_px"":1836.943222559559,""semantic_role"":""hole_9h""},{""x_px"":1474.2922159402192,""y_px"":1876.2869590472403,""semantic_role"":null},{""x_px"":1402.9628193880262,""y_px"":1874.784357137219,""semantic_role"":null},{""x_px"":1400.2036997763798,""y_px"":1799.680634509378,""semantic_role"":null},{""x_px"":1471.5330963285728,""y_px"":1801.1832364193992,""semantic_role"":null}]","[0.024510127117766855,0.3794486380049211,0.013057947028360781,0.3656966561185384,0.2852109263794959,0.2565416563453,0.2974843610130672,0.24309360086688123]",0.6451123570181942,1.116099664929544,"[{""pair_index"":1,""first_point_index"":1,""second_point_index"":3,""midpoint_x_px"":1436.5047039520493,""midpoint_y_px"":1838.005722559559,""dx_px"":0.37041811826316007,""dy_px"":-0.048569239246489815,""distance_px"":0.3735887489454189,""severity"":""normal""},{""pair_index"":2,""first_point_index"":4,""second_point_index"":6,""midpoint_x_px"":1437.2479578582995,""midpoint_y_px"":1837.9837967783092,""dx_px"":-0.37283578798701456,""dy_px"":-0.026643457996669895,""distance_px"":0.3737865683219749,""severity"":""normal""},{""pair_index"":3,""first_point_index"":2,""second_point_index"":0,""midpoint_x_px"":1437.9912117645495,""midpoint_y_px"":1837.9618709970591,""dx_px"":-1.1160896942369618,""dy_px"":-0.004717676746622601,""distance_px"":1.116099664929544,""severity"":""warning""},{""pair_index"":4,""first_point_index"":5,""second_point_index"":7,""midpoint_x_px"":1437.2479578582995,""midpoint_y_px"":1837.9837967783092,""dx_px"":-0.37283578798701456,""dy_px"":-0.026643457996669895,""distance_px"":0.3737865683219749,""severity"":""normal""}]",1436.8751220703125,1837.9571533203125,53.79347610473633,49.768306732177734,65.52409362792969,0.2676837937026667,0.3794486380049211,usable,5.728501587664531,87,unreviewed,
2.7,2b8839f5-c108-422d-9f66-07d830e6a1ac,RIFLE_SRC_0147,DBF8FFCE97995AF11D305AA61B26C3EE698A8745D5588511CDE70D35D9C3D196,A,khai,2026-09-20T22:01:05.426172+00:00,saigon_sniper_air_rifle_10m_decimal_v1,ground_truth_labeler_r1.3e.1e,3024,3024,"[{""x_px"":1454.7904971517394,""y_px"":1231.8412428028882,""semantic_role"":""12h""},{""x_px"":1965.0034787669802,""y_px"":1742.44586355814,""semantic_role"":""3h""},{""x_px"":1455.5700780656973,""y_px"":2253.232825003206,""semantic_role"":""6h""},{""x_px"":947.9973326534781,""y_px"":1742.8822351534686,""semantic_role"":""9h""}]","[{""x_px"":1454.7904971517394,""y_px"":1231.8412428028882,""semantic_role"":""12h""},{""x_px"":1965.0034787669802,""y_px"":1742.44586355814,""semantic_role"":""3h""},{""x_px"":1455.5700780656973,""y_px"":2253.232825003206,""semantic_role"":""6h""},{""x_px"":947.9973326534781,""y_px"":1742.8822351534686,""semantic_role"":""9h""},{""x_px"":1816.1066037640053,""y_px"":2103.5414947139434,""semantic_role"":null},{""x_px"":1097.3388436698756,""y_px"":2103.9607115646104,""semantic_role"":null},{""x_px"":1096.7090251778677,""y_px"":1381.7956867873022,""semantic_role"":null},{""x_px"":1815.4767852719974,""y_px"":1381.376469936635,""semantic_role"":null}]",1456.4539794921875,1742.6024169921875,510.6230773925781,508.4239501953125,88.03488159179688,0.09570704763137122,1455.1803849860312,1742.6646157432851,cardinal_diameter_intersection_v1,usable,cardinal_diameter_intersection_v1,"[{""x_px"":1406.1310813188113,""y_px"":1659.3523635463198,""semantic_role"":""hole_12h""},{""x_px"":1460.0562475345344,""y_px"":1708.0667042888977,""semantic_role"":""hole_3h""},{""x_px"":1407.8677327565078,""y_px"":1764.4491101281562,""semantic_role"":""hole_6h""},{""x_px"":1356.8755936107068,""y_px"":1707.8194791424137,""semantic_role"":""hole_9h""}]","[{""x_px"":1444.8265328476166,""y_px"":1747.1666326595564,""semantic_role"":null},{""x_px"":1371.866792770816,""y_px"":1746.9918180819977,""semantic_role"":null},{""x_px"":1370.6387947626633,""y_px"":1672.6771958933373,""semantic_role"":null},{""x_px"":1443.598534839464,""y_px"":1672.852010470896,""semantic_role"":null}]",1406.9339490193674,1707.9394210479747,"[{""x_px"":1406.1310813188113,""y_px"":1659.3523635463198,""semantic_role"":""hole_12h""},{""x_px"":1460.0562475345344,""y_px"":1708.0667042888977,""semantic_role"":""hole_3h""},{""x_px"":1407.8677327565078,""y_px"":1764.4491101281562,""semantic_role"":""hole_6h""},{""x_px"":1356.8755936107068,""y_px"":1707.8194791424137,""semantic_role"":""hole_9h""},{""x_px"":1444.8265328476166,""y_px"":1747.1666326595564,""semantic_role"":null},{""x_px"":1371.866792770816,""y_px"":1746.9918180819977,""semantic_role"":null},{""x_px"":1370.6387947626633,""y_px"":1672.6771958933373,""semantic_role"":null},{""x_px"":1443.598534839464,""y_px"":1672.852010470896,""semantic_role"":null}]","[1.032202815979608,0.41001890218363657,0.9496995084748195,0.3517068149685016,0.9962791613489901,0.4889899178968992,0.951134666986878,0.34367108577840044]",1.8339382282279928,2.986962226324367,"[{""pair_index"":1,""first_point_index"":1,""second_point_index"":3,""midpoint_x_px"":1408.4659205726207,""midpoint_y_px"":1707.9430917156556,""dx_px"":-0.3356715491831892,""dy_px"":2.968041096844445,""distance_px"":2.986962226324367,""severity"":""strong_warning""},{""pair_index"":2,""first_point_index"":4,""second_point_index"":6,""midpoint_x_px"":1407.73266380514,""midpoint_y_px"":1709.9219142764468,""dx_px"":0.3975852182975359,""dy_px"":0.9892185360531585,""distance_px"":1.0661272521982792,""severity"":""warning""},{""pair_index"":3,""first_point_index"":2,""second_point_index"":0,""midpoint_x_px"":1406.9994070376597,""midpoint_y_px"":1711.9007368372381,""dx_px"":1.1308419857778063,""dy_px"":-0.9896040247381279,""distance_px"":1.5027041367400948,""severity"":""warning""},{""pair_index"":4,""first_point_index"":5,""second_point_index"":7,""midpoint_x_px"":1407.73266380514,""midpoint_y_px"":1709.9219142764468,""dx_px"":0.3975852182975359,""dy_px"":0.9892185360531585,""distance_px"":1.0661272521982792,""severity"":""warning""}]",1408.1302490234375,1710.9111328125,52.79351806640625,51.453941345214844,67.6712646484375,0.75113541311172,1.032202815979608,usable,2.6555966705643326,99,unreviewed,
2.7,9581ca50-623d-4f02-ba86-7ad1cb2835ff,RIFLE_SRC_0174,AC4B681DDE0F104692B8F3C37BF68864D38F90F08351C07C05DEC1382436C4F2,A,khai,2026-09-20T22:11:18.904179+00:00,saigon_sniper_air_rifle_10m_decimal_v1,ground_truth_labeler_r1.3e.1e,3024,3024,"[{""x_px"":1586.6895439988114,""y_px"":1218.5663944876173,""semantic_role"":""12h""},{""x_px"":2102.4783117379134,""y_px"":1730.929956300208,""semantic_role"":""3h""},{""x_px"":1591.4350492263525,""y_px"":2242.464296722375,""semantic_role"":""6h""},{""x_px"":1080.4891250801702,""y_px"":1731.461491090443,""semantic_role"":""9h""}]","[{""x_px"":1586.6895439988114,""y_px"":1218.5663944876173,""semantic_role"":""12h""},{""x_px"":2102.4783117379134,""y_px"":1730.929956300208,""semantic_role"":""3h""},{""x_px"":1591.4350492263525,""y_px"":2242.464296722375,""semantic_role"":""6h""},{""x_px"":1080.4891250801702,""y_px"":1731.461491090443,""semantic_role"":""9h""},{""x_px"":1953.6455062851796,""y_px"":2092.6312024664603,""semantic_role"":null},{""x_px"":1230.9900221001649,""y_px"":2093.0070543210722,""semantic_role"":null},{""x_px"":1228.08292026841,""y_px"":1369.0237107069563,""semantic_role"":null},{""x_px"":1950.7384044534247,""y_px"":1368.6478588523446,""semantic_role"":null}]",1591.1724853515625,1730.670166015625,512.486572265625,510.45501708984375,59.004669189453125,0.24509491207378437,1589.065455820508,1731.1969814294723,cardinal_diameter_intersection_v1,good,cardinal_diameter_intersection_v1,"[{""x_px"":1708.3724623888404,""y_px"":1672.8072036096792,""semantic_role"":""hole_12h""},{""x_px"":1761.4791116075896,""y_px"":1723.751522359679,""semantic_role"":""hole_3h""},{""x_px"":1712.4340581544648,""y_px"":1777.6945934065543,""semantic_role"":""hole_6h""},{""x_px"":1655.5270941310273,""y_px"":1725.009815476867,""semantic_role"":""hole_9h""}]","[{""x_px"":1748.348867543673,""y_px"":1761.4542022084163,""semantic_role"":null},{""x_px"":1673.4294775056,""y_px"":1762.3439498043003,""semantic_role"":null},{""x_px"":1670.5574955972884,""y_px"":1688.1773652179734,""semantic_role"":null},{""x_px"":1745.4768856353612,""y_px"":1687.2876176220893,""semantic_role"":null}]",1710.3687040723858,1724.3585129158755,"[{""x_px"":1708.3724623888404,""y_px"":1672.8072036096792,""semantic_role"":""hole_12h""},{""x_px"":1761.4791116075896,""y_px"":1723.751522359679,""semantic_role"":""hole_3h""},{""x_px"":1712.4340581544648,""y_px"":1777.6945934065543,""semantic_role"":""hole_6h""},{""x_px"":1655.5270941310273,""y_px"":1725.009815476867,""semantic_role"":""hole_9h""},{""x_px"":1748.348867543673,""y_px"":1761.4542022084163,""semantic_role"":null},{""x_px"":1673.4294775056,""y_px"":1762.3439498043003,""semantic_role"":null},{""x_px"":1670.5574955972884,""y_px"":1688.1773652179734,""semantic_role"":null},{""x_px"":1745.4768856353612,""y_px"":1687.2876176220893,""semantic_role"":null}]","[0.21706952538562208,0.4745972865147324,0.22893890280204582,0.45816722698927553,0.15346333525197234,0.4844043914158151,0.19039973573401608,0.4756436595446466]",0.8986280000636019,1.4227510947280868,"[{""pair_index"":1,""first_point_index"":7,""second_point_index"":5,""midpoint_x_px"":1709.4531815704806,""midpoint_y_px"":1724.8157837131948,""dx_px"":-0.4575761017306377,""dy_px"":0.22840573993016733,""distance_px"":0.5114147738460966,""severity"":""normal""},{""pair_index"":2,""first_point_index"":1,""second_point_index"":3,""midpoint_x_px"":1708.5031028693083,""midpoint_y_px"":1724.380668918273,""dx_px"":0.4925025994416501,""dy_px"":0.6635205348520685,""distance_px"":0.8263282099911375,""severity"":""normal""},{""pair_index"":3,""first_point_index"":4,""second_point_index"":6,""midpoint_x_px"":1709.4531815704806,""midpoint_y_px"":1724.8157837131948,""dx_px"":-0.4575761017306377,""dy_px"":0.22840573993016733,""distance_px"":0.5114147738460966,""severity"":""normal""},{""pair_index"":4,""first_point_index"":2,""second_point_index"":0,""midpoint_x_px"":1710.4032602716525,""midpoint_y_px"":1725.2508985081167,""dx_px"":-1.4076548029024707,""dy_px"":-0.20670905499173386,""distance_px"":1.4227510947280868,""severity"":""warning""}]",1708.99560546875,1725.044189453125,53.49662780761719,51.982051849365234,33.97747039794922,0.36321129391920853,0.4844043914158151,good,5.410184869796977,88,unreviewed,
2.7,d89c0198-b055-4ecb-b6db-685be6b71c44,RIFLE_SRC_0202,91CC6E17E5BAC9FF5B6C0B20E2373C95ED8E68D4158753C25F1C116FF3A73E79,A,khai,2026-09-20T22:15:33.448544+00:00,saigon_sniper_air_rifle_10m_decimal_v1,ground_truth_labeler_r1.3e.1e,3024,3024,"[{""x_px"":1569.5811779374808,""y_px"":1201.5664756551207,""semantic_role"":""12h""},{""x_px"":2087.6399287586037,""y_px"":1718.145221484766,""semantic_role"":""3h""},{""x_px"":1572.7468618613098,""y_px"":2233.5865021375416,""semantic_role"":""6h""},{""x_px"":1057.4626215261821,""y_px"":1719.1139858675788,""semantic_role"":""9h""}]","[{""x_px"":1569.5811779374808,""y_px"":1201.5664756551207,""semantic_role"":""12h""},{""x_px"":2087.6399287586037,""y_px"":1718.145221484766,""semantic_role"":""3h""},{""x_px"":1572.7468618613098,""y_px"":2233.5865021375416,""semantic_role"":""6h""},{""x_px"":1057.4626215261821,""y_px"":1719.1139858675788,""semantic_role"":""9h""},{""x_px"":1937.3882625195693,""y_px"":2081.752325793414,""semantic_role"":null},{""x_px"":1209.127812350893,""y_px"":2082.951892144675,""semantic_role"":null},{""x_px"":1207.0365672972475,""y_px"":1353.3103896205262,""semantic_role"":null},{""x_px"":1935.2970174659238,""y_px"":1352.110823269265,""semantic_role"":null}]",1572.3807373046875,1717.5528564453125,516.0584106445312,514.9407348632812,72.74307250976562,0.1307915510205278,1571.167254283055,1718.6309051901005,cardinal_diameter_intersection_v1,good,cardinal_diameter_intersection_v1,"[{""x_px"":1303.9491668125122,""y_px"":1828.6153261324644,""semantic_role"":""hole_12h""},{""x_px"":1352.9491668125122,""y_px"":1881.4903261324644,""semantic_role"":""hole_3h""},{""x_px"":1304.0741668125122,""y_px"":1933.4903261324644,""semantic_role"":""hole_6h""},{""x_px"":1255.5363855625121,""y_px"":1881.8687276949643,""semantic_role"":""hole_9h""}]","[{""x_px"":1338.6120347718947,""y_px"":1918.3113032061312,""semantic_role"":null},{""x_px"":1269.730796575778,""y_px"":1918.5788735169865,""semantic_role"":null},{""x_px"":1269.6424082281296,""y_px"":1844.4210498400473,""semantic_role"":null},{""x_px"":1338.5236464242464,""y_px"":1844.153479529192,""semantic_role"":null}]",1304.01241484067,1881.6804217561826,"[{""x_px"":1303.9491668125122,""y_px"":1828.6153261324644,""semantic_role"":""hole_12h""},{""x_px"":1352.9491668125122,""y_px"":1881.4903261324644,""semantic_role"":""hole_3h""},{""x_px"":1304.0741668125122,""y_px"":1933.4903261324644,""semantic_role"":""hole_6h""},{""x_px"":1255.5363855625121,""y_px"":1881.8687276949643,""semantic_role"":""hole_9h""},{""x_px"":1338.6120347718947,""y_px"":1918.3113032061312,""semantic_role"":null},{""x_px"":1269.730796575778,""y_px"":1918.5788735169865,""semantic_role"":null},{""x_px"":1269.6424082281296,""y_px"":1844.4210498400473,""semantic_role"":null},{""x_px"":1338.5236464242464,""y_px"":1844.153479529192,""semantic_role"":null}]","[0.15592754063902417,0.05818650984351858,0.1579634333465909,0.05683159396622445,0.0627969352924637,0.14904368522044223,0.06637533881104812,0.15014723588829104]",0.2893865723502993,0.47399276941706836,"[{""pair_index"":1,""first_point_index"":4,""second_point_index"":6,""midpoint_x_px"":1304.1272215000122,""midpoint_y_px"":1881.3661765230893,""dx_px"":0.05747088280031676,""dy_px"":-0.15707007777677973,""distance_px"":0.16725403344210082,""severity"":""normal""},{""pair_index"":2,""first_point_index"":2,""second_point_index"":0,""midpoint_x_px"":1304.0116668125122,""midpoint_y_px"":1881.0528261324644,""dx_px"":0.17302557030029675,""dy_px"":0.15628031284813915,""distance_px"":0.23315527907738906,""severity"":""normal""},{""pair_index"":3,""first_point_index"":5,""second_point_index"":7,""midpoint_x_px"":1304.1272215000122,""midpoint_y_px"":1881.3661765230893,""dx_px"":0.05747088280031676,""dy_px"":-0.15707007777677973,""distance_px"":0.16725403344210082,""severity"":""normal""},{""pair_index"":4,""first_point_index"":3,""second_point_index"":1,""midpoint_x_px"":1304.2427761875122,""midpoint_y_px"":1881.6795269137142,""dx_px"":-0.05808380469966323,""dy_px"":-0.4704204684016986,""distance_px"":0.47399276941706836,""severity"":""normal""}]",1304.1846923828125,1881.2091064453125,52.4400520324707,48.70677947998047,90.8903015255928,0.1167201232855119,0.1579634333465909,good,13.825647780402416,54,unreviewed,
2.7,5c2d84b6-13e7-4acb-a209-66e946810c9a,RIFLE_SRC_0229,F6B759927F2EE23FCF6427791FDCB8A98B4C1C2FB11EE11241CFB040897EE238,A,khai,2026-09-20T22:19:24.572002+00:00,saigon_sniper_air_rifle_10m_decimal_v1,ground_truth_labeler_r1.3e.1e,3024,3024,"[{""x_px"":1411.5749925701527,""y_px"":1175.5598690379068,""semantic_role"":""12h""},{""x_px"":1929.6177623046992,""y_px"":1690.4606486959347,""semantic_role"":""3h""},{""x_px"":1415.8429712394184,""y_px"":2207.060196605127,""semantic_role"":""6h""},{""x_px"":900.598271186687,""y_px"":1694.1193559296744,""semantic_role"":""9h""}]","[{""x_px"":1411.5749925701527,""y_px"":1175.5598690379068,""semantic_role"":""12h""},{""x_px"":1929.6177623046992,""y_px"":1690.4606486959347,""semantic_role"":""3h""},{""x_px"":1415.8429712394184,""y_px"":2207.060196605127,""semantic_role"":""6h""},{""x_px"":900.598271186687,""y_px"":1694.1193559296744,""semantic_role"":""9h""},{""x_px"":1779.971372343039,""y_px"":2055.2568162795424,""semantic_role"":null},{""x_px"":1052.3170596210787,""y_px"":2057.0881335530275,""semantic_role"":null},{""x_px"":1050.1746703743001,""y_px"":1327.7381442143917,""semantic_role"":null},{""x_px"":1777.8289830962606,""y_px"":1325.9068269409067,""semantic_role"":null}]",1415.0885009765625,1691.401123046875,515.7635498046875,514.5023803710938,84.88467407226562,0.06898381087961096,1413.7130571892687,1692.2949621300513,cardinal_diameter_intersection_v1,good,cardinal_diameter_intersection_v1,"[{""x_px"":933.5231547302793,""y_px"":1444.4103561545792,""semantic_role"":""hole_12h""},{""x_px"":980.9915353298888,""y_px"":1495.432521066688,""semantic_role"":""hole_3h""},{""x_px"":933.4026234802793,""y_px"":1547.147684279579,""semantic_role"":""hole_6h""},{""x_px"":882.5155224255919,""y_px"":1497.8588902170789,""semantic_role"":""hole_9h""}]","[{""x_px"":969.4043689236389,""y_px"":1530.849897629188,""semantic_role"":null},{""x_px"":897.6690699635784,""y_px"":1531.809425170346,""semantic_role"":null},{""x_px"":897.7542984277983,""y_px"":1459.1631637721714,""semantic_role"":null},{""x_px"":967.499598930574,""y_px"":1460.8278443067807,""semantic_role"":null}]",933.4619216954048,1496.603612227382,"[{""x_px"":933.5231547302793,""y_px"":1444.4103561545792,""semantic_role"":""hole_12h""},{""x_px"":980.9915353298888,""y_px"":1495.432521066688,""semantic_role"":""hole_3h""},{""x_px"":933.4026234802793,""y_px"":1547.147684279579,""semantic_role"":""hole_6h""},{""x_px"":882.5155224255919,""y_px"":1497.8588902170789,""semantic_role"":""hole_9h""},{""x_px"":969.4043689236389,""y_px"":1530.849897629188,""semantic_role"":null},{""x_px"":897.6690699635784,""y_px"":1531.809425170346,""semantic_role"":null},{""x_px"":897.7542984277983,""y_px"":1459.1631637721714,""semantic_role"":null},{""x_px"":967.499598930574,""y_px"":1460.8278443067807,""semantic_role"":null}]","[0.2737058535311169,0.3698285439103871,0.1805574118740214,0.3919622028906884,0.39440902348498436,0.16222025543722954,0.4554721057719964,0.06868570410921924]",1.2144009184028703,1.7636089499572611,"[{""pair_index"":1,""first_point_index"":1,""second_point_index"":3,""midpoint_x_px"":931.7535288777403,""midpoint_y_px"":1496.6457056418835,""dx_px"":0.3543812785096634,""dy_px"":-0.6669458762585236,""distance_px"":0.7552502184153232,""severity"":""normal""},{""pair_index"":2,""first_point_index"":4,""second_point_index"":6,""midpoint_x_px"":933.5793336757185,""midpoint_y_px"":1495.0065307006798,""dx_px"":-1.4714235194685443,""dy_px"":0.9722290649451679,""distance_px"":1.7636089499572611,""severity"":""warning""},{""pair_index"":3,""first_point_index"":2,""second_point_index"":0,""midpoint_x_px"":933.4628891052794,""midpoint_y_px"":1495.779020217079,""dx_px"":-1.3549789490293733,""dy_px"":0.19973954854594922,""distance_px"":1.3696217870514782,""severity"":""warning""},{""pair_index"":4,""first_point_index"":5,""second_point_index"":7,""midpoint_x_px"":932.5843344470762,""midpoint_y_px"":1496.3186347385633,""dx_px"":-0.4764242908262304,""dy_px"":-0.3398749729383326,""distance_px"":0.5852308109789751,""severity"":""normal""}]",932.10791015625,1495.978759765625,51.4460563659668,49.174983978271484,78.07308959960938,0.31463666501845733,0.4554721057719964,good,22.91900091209236,18,unreviewed,
2.7,be1ad5b3-2b5b-4300-8557-9218b7584943,RIFLE_SRC_0257,BB1620A95AD0067152F0D4C7C69A780653D1738CEF7D6A973484F58E599D4BF1,A,khai,2026-09-20T22:28:50.845968+00:00,saigon_sniper_air_rifle_10m_decimal_v1,ground_truth_labeler_r1.3e.1e,4032,3024,"[{""x_px"":1437.9919730398587,""y_px"":1983.1681109962076,""semantic_role"":""12h""},{""x_px"":2005.5634992665246,""y_px"":2547.233095856756,""semantic_role"":""3h""},{""x_px"":1440.8344702319112,""y_px"":3119.972848365007,""semantic_role"":""6h""},{""x_px"":871.4971829845048,""y_px"":2551.4908282552497,""semantic_role"":""9h""}]","[{""x_px"":1437.9919730398587,""y_px"":1983.1681109962076,""semantic_role"":""12h""},{""x_px"":2005.5634992665246,""y_px"":2547.233095856756,""semantic_role"":""3h""},{""x_px"":1440.8344702319112,""y_px"":3119.972848365007,""semantic_role"":""6h""},{""x_px"":871.4971829845048,""y_px"":2551.4908282552497,""semantic_role"":""9h""},{""x_px"":1841.43634696101,""y_px"":2950.753002882215,""semantic_role"":null},{""x_px"":1039.5303644027458,""y_px"":2953.7636743336675,""semantic_role"":null},{""x_px"":1037.5758449462116,""y_px"":2149.967666408719,""semantic_role"":null},{""x_px"":1839.4818275044759,""y_px"":2146.9569949572665,""semantic_role"":null}]",1439.0208740234375,2550.967041015625,568.493408203125,566.9353637695312,104.19861602783203,0.549152738045875,1439.4076911627146,2549.3586681378038,cardinal_diameter_intersection_v1,good,cardinal_diameter_intersection_v1,"[{""x_px"":1490.1413410571806,""y_px"":2457.951515121309,""semantic_role"":""hole_12h""},{""x_px"":1545.9878062134308,""y_px"":2513.764121605684,""semantic_role"":""hole_3h""},{""x_px"":1490.1128062134308,""y_px"":2570.514121605684,""semantic_role"":""hole_6h""},{""x_px"":1430.9878062134308,""y_px"":2513.639121605684,""semantic_role"":""hole_9h""}]","[{""x_px"":1529.9559912518368,""y_px"":2553.8083053349815,""semantic_role"":null},{""x_px"":1448.638711415384,""y_px"":2553.719916987333,""semantic_role"":null},{""x_px"":1448.6588885968997,""y_px"":2474.1261346341985,""semantic_role"":null},{""x_px"":1529.9761684333525,""y_px"":2474.214522981847,""semantic_role"":null}]",1490.1272078430081,2513.703403563977,"[{""x_px"":1490.1413410571806,""y_px"":2457.951515121309,""semantic_role"":""hole_12h""},{""x_px"":1545.9878062134308,""y_px"":2513.764121605684,""semantic_role"":""hole_3h""},{""x_px"":1490.1128062134308,""y_px"":2570.514121605684,""semantic_role"":""hole_6h""},{""x_px"":1430.9878062134308,""y_px"":2513.639121605684,""semantic_role"":""hole_9h""},{""x_px"":1529.9559912518368,""y_px"":2553.8083053349815,""semantic_role"":null},{""x_px"":1448.638711415384,""y_px"":2553.719916987333,""semantic_role"":null},{""x_px"":1448.6588885968997,""y_px"":2474.1261346341985,""semantic_role"":null},{""x_px"":1529.9761684333525,""y_px"":2474.214522981847,""semantic_role"":null}]","[0.12727086096925938,0.4165749844628757,0.13707369444887568,0.4032953440595169,0.18162201589343122,0.3849757189329945,0.20262153349526327,0.37720316611986116]",0.7459567724171502,1.2366171636049856,"[{""pair_index"":1,""first_point_index"":7,""second_point_index"":5,""midpoint_x_px"":1489.3074399243683,""midpoint_y_px"":2513.96721998459,""dx_px"":-0.40973484624328194,""dy_px"":0.13190110916002595,""distance_px"":0.43044226886267917,""severity"":""normal""},{""pair_index"":2,""first_point_index"":1,""second_point_index"":3,""midpoint_x_px"":1488.4878062134308,""midpoint_y_px"":2513.701621605684,""dx_px"":0.40989886469424164,""dy_px"":0.3974994880659324,""distance_px"":0.5709841699121846,""severity"":""normal""},{""pair_index"":3,""first_point_index"":4,""second_point_index"":6,""midpoint_x_px"":1489.3074399243683,""midpoint_y_px"":2513.96721998459,""dx_px"":-0.40973484624328194,""dy_px"":0.13190110916002595,""distance_px"":0.43044226886267917,""severity"":""normal""},{""pair_index"":4,""first_point_index"":2,""second_point_index"":0,""midpoint_x_px"":1490.1270736353058,""midpoint_y_px"":2514.2328183634963,""dx_px"":-1.2293685571808055,""dy_px"":-0.13369726974633522,""distance_px"":1.2366171636049856,""severity"":""warning""}]",1488.897705078125,2514.09912109375,57.508724212646484,56.28864669799805,1.3299713134765625,0.3032530909104718,0.4165749844628757,usable,2.483945289864455,100,unreviewed,
2.7,db1ae3f8-bec7-44f3-ab54-f3170fec4b50,RIFLE_SRC_0284,76ABDDDEEAEF897B9A7761F5BFD1A706002CD0D075592DFA0F9D8688A4CBCC8A,A,khai,2026-09-20T22:31:53.828942+00:00,saigon_sniper_air_rifle_10m_decimal_v1,ground_truth_labeler_r1.3e.1e,4032,3024,"[{""x_px"":1567.5873053171053,""y_px"":1972.3227726654145,""semantic_role"":""12h""},{""x_px"":2140.6562897540903,""y_px"":2537.6549932700304,""semantic_role"":""3h""},{""x_px"":1575.9903042273493,""y_px"":3117.574559673844,""semantic_role"":""6h""},{""x_px"":998.1251653832253,""y_px"":2544.625393432373,""semantic_role"":""9h""}]","[{""x_px"":1567.5873053171053,""y_px"":1972.3227726654145,""semantic_role"":""12h""},{""x_px"":2140.6562897540903,""y_px"":2537.6549932700304,""semantic_role"":""3h""},{""x_px"":1575.9903042273493,""y_px"":3117.574559673844,""semantic_role"":""6h""},{""x_px"":998.1251653832253,""y_px"":2544.625393432373,""semantic_role"":""9h""},{""x_px"":1977.5064278059756,""y_px"":2945.487673529063,""semantic_role"":null},{""x_px"":1169.6149220466461,""y_px"":2950.4164907514396,""semantic_role"":null},{""x_px"":1163.6731045349095,""y_px"":2140.6011859917676,""semantic_role"":null},{""x_px"":1971.564610294239,""y_px"":2135.672368769391,""semantic_role"":null}]",1570.0042724609375,2544.003662109375,572.7347412109375,571.193603515625,75.79045104980469,0.7947233552281955,1571.7607549637873,2541.1257341920705,cardinal_diameter_intersection_v1,ambiguous,cardinal_diameter_intersection_v1,"[{""x_px"":1532.5479812994788,""y_px"":2497.5290053485196,""semantic_role"":""hole_12h""},{""x_px"":1593.4689962185266,""y_px"":2555.8448669633826,""semantic_role"":""hole_3h""},{""x_px"":1536.7442568661586,""y_px"":2621.892666740716,""semantic_role"":""hole_6h""},{""x_px"":1474.0897938583457,""y_px"":2556.3242865454035,""semantic_role"":""hole_9h""}]","[{""x_px"":1577.9032862758534,""y_px"":2601.69740013257,""semantic_role"":null},{""x_px"":1493.4894427543284,""y_px"":2602.0364009700506,""semantic_role"":null},{""x_px"":1490.5222278454019,""y_px"":2514.098012666441,""semantic_role"":null},{""x_px"":1574.9360713669269,""y_px"":2513.75901182896,""semantic_role"":null}]",1534.5236610798247,2556.0815878274484,"[{""x_px"":1532.5479812994788,""y_px"":2497.5290053485196,""semantic_role"":""hole_12h""},{""x_px"":1593.4689962185266,""y_px"":2555.8448669633826,""semantic_role"":""hole_3h""},{""x_px"":1536.7442568661586,""y_px"":2621.892666740716,""semantic_role"":""hole_6h""},{""x_px"":1474.0897938583457,""y_px"":2556.3242865454035,""semantic_role"":""hole_9h""},{""x_px"":1577.9032862758534,""y_px"":2601.69740013257,""semantic_role"":null},{""x_px"":1493.4894427543284,""y_px"":2602.0364009700506,""semantic_role"":null},{""x_px"":1490.5222278454019,""y_px"":2514.098012666441,""semantic_role"":null},{""x_px"":1574.9360713669269,""y_px"":2513.75901182896,""semantic_role"":null}]","[0.9400448002100188,0.16122998962680335,0.8767417828592136,0.20965836941835417,0.5422519160731805,0.7712324880112836,0.4609921520704681,0.7309015067137986]",1.6077030302407473,2.7345577725666796,"[{""pair_index"":1,""first_point_index"":1,""second_point_index"":3,""midpoint_x_px"":1533.7793950384362,""midpoint_y_px"":2556.0845767543933,""dx_px"":0.27834421937632214,""dy_px"":2.7203548862316893,""distance_px"":2.7345577725666796,""severity"":""strong_warning""},{""pair_index"":2,""first_point_index"":4,""second_point_index"":6,""midpoint_x_px"":1534.2127570606276,""midpoint_y_px"":2557.8977063995053,""dx_px"":-0.15501780281510946,""dy_px"":0.9072252411197042,""distance_px"":0.9203739225523122,""severity"":""normal""},{""pair_index"":3,""first_point_index"":2,""second_point_index"":0,""midpoint_x_px"":1534.6461190828186,""midpoint_y_px"":2559.7108360446177,""dx_px"":-0.5883798250060863,""dy_px"":-0.9059044039927358,""distance_px"":1.0802099831271819,""severity"":""warning""},{""pair_index"":4,""first_point_index"":5,""second_point_index"":7,""midpoint_x_px"":1534.2127570606276,""midpoint_y_px"":2557.8977063995053,""dx_px"":-0.15501780281510946,""dy_px"":0.9072252411197042,""distance_px"":0.9203739225523122,""severity"":""normal""}]",1534.0577392578125,2558.804931640625,62.54281234741211,59.419151306152344,70.92872619628906,0.6478695460383442,0.9400448002100188,usable,1.5981877126233606,103,unreviewed,
2.7,9696f0ce-1ee9-40c4-9fd5-2df09fd71c4e,RIFLE_SRC_0312,13871F53EE77964CBFCBD5DAD8F44EA4B33A5223C0984B72F9EC3478DE9364DE,A,khai,2026-09-20T22:34:13.533974+00:00,saigon_sniper_air_rifle_10m_decimal_v1,ground_truth_labeler_r1.3e.1e,4032,3024,"[{""x_px"":1490.6587270029925,""y_px"":1934.8706375039485,""semantic_role"":""12h""},{""x_px"":2068.7929403029325,""y_px"":2498.5024826798817,""semantic_role"":""3h""},{""x_px"":1502.644043565219,""y_px"":3083.0681179006906,""semantic_role"":""6h""},{""x_px"":922.0354797361089,""y_px"":2516.6971369791786,""semantic_role"":""9h""}]","[{""x_px"":1490.6587270029925,""y_px"":1934.8706375039485,""semantic_role"":""12h""},{""x_px"":2068.7929403029325,""y_px"":2498.5024826798817,""semantic_role"":""3h""},{""x_px"":1502.644043565219,""y_px"":3083.0681179006906,""semantic_role"":""6h""},{""x_px"":922.0354797361089,""y_px"":2516.6971369791786,""semantic_role"":""9h""},{""x_px"":1907.0046308539374,""y_px"":2908.412193928124,""semantic_role"":null},{""x_px"":1096.0601120039107,""y_px"":2920.1912260748804,""semantic_role"":null},{""x_px"":1086.892917064123,""y_px"":2107.7609524929994,""semantic_role"":null},{""x_px"":1897.8374359141496,""y_px"":2095.981920346243,""semantic_role"":null}]",1496.18994140625,2508.536865234375,574.8836059570312,572.9057006835938,124.25897216796875,0.6322045387914069,1496.636886724081,2507.5804106272362,cardinal_diameter_intersection_v1,ambiguous,cardinal_diameter_intersection_v1,"[{""x_px"":1528.475206541821,""y_px"":2297.1587884459427,""semantic_role"":""hole_12h""},{""x_px"":1587.5495019324462,""y_px"":2354.142978836567,""semantic_role"":""hole_3h""},{""x_px"":1535.8338963500516,""y_px"":2417.0991764653913,""semantic_role"":""hole_6h""},{""x_px"":1473.3827199214825,""y_px"":2353.1515552576616,""semantic_role"":""hole_9h""}]","[{""x_px"":1574.2760737915737,""y_px"":2398.143976772576,""semantic_role"":null},{""x_px"":1493.5479680453748,""y_px"":2397.4429344369037,""semantic_role"":null},{""x_px"":1488.3445885813267,""y_px"":2312.632272730206,""semantic_role"":null},{""x_px"":1569.0726943275256,""y_px"":2313.333315065878,""semantic_role"":null}]",1531.9417243218466,2353.660081264063,"[{""x_px"":1528.475206541821,""y_px"":2297.1587884459427,""semantic_role"":""hole_12h""},{""x_px"":1587.5495019324462,""y_px"":2354.142978836567,""semantic_role"":""hole_3h""},{""x_px"":1535.8338963500516,""y_px"":2417.0991764653913,""semantic_role"":""hole_6h""},{""x_px"":1473.3827199214825,""y_px"":2353.1515552576616,""semantic_role"":""hole_9h""},{""x_px"":1574.2760737915737,""y_px"":2398.143976772576,""semantic_role"":null},{""x_px"":1493.5479680453748,""y_px"":2397.4429344369037,""semantic_role"":null},{""x_px"":1488.3445885813267,""y_px"":2312.632272730206,""semantic_role"":null},{""x_px"":1569.0726943275256,""y_px"":2313.333315065878,""semantic_role"":null}]","[0.8942214264120003,0.3487836507524032,0.8436537133380125,0.38691855889999344,0.3964770487422219,0.8478565354305715,0.2888770159341278,0.8215377772425965]",1.6477901024853567,2.6570035209405356,"[{""pair_index"":1,""first_point_index"":1,""second_point_index"":3,""midpoint_x_px"":1530.4661109269643,""midpoint_y_px"":2353.6472670471144,""dx_px"":0.5294945417856525,""dy_px"":2.603709515385617,""distance_px"":2.6570035209405356,""severity"":""strong_warning""},{""pair_index"":2,""first_point_index"":4,""second_point_index"":6,""midpoint_x_px"":1531.3103311864502,""midpoint_y_px"":2355.388124751391,""dx_px"":-0.31472571770018476,""dy_px"":0.8628518111090671,""distance_px"":0.918458232755357,""severity"":""normal""},{""pair_index"":3,""first_point_index"":2,""second_point_index"":0,""midpoint_x_px"":1532.1545514459362,""midpoint_y_px"":2357.128982455667,""dx_px"":-1.1589459771862494,""dy_px"":-0.8780058931670283,""distance_px"":1.4539773473036715,""severity"":""warning""},{""pair_index"":4,""first_point_index"":5,""second_point_index"":7,""midpoint_x_px"":1531.3103311864502,""midpoint_y_px"":2355.388124751391,""dx_px"":-0.31472571770018476,""dy_px"":0.8628518111090671,""distance_px"":0.918458232755357,""severity"":""normal""}]",1530.99560546875,2356.2509765625,61.14315414428711,56.02867889404297,61.407440185546875,0.6535641282957758,0.8942214264120003,ambiguous,6.2521620026692855,84,unreviewed,
2.7,96fbdddd-5b30-46b6-9a85-898ea27f90b2,RIFLE_SRC_0339,338ADF348967404AC277D1075D56B62AB4B27FF5101F65A23F70608A98C69BC8,A,khai,2026-09-20T22:37:16.419519+00:00,saigon_sniper_air_rifle_10m_decimal_v1,ground_truth_labeler_r1.3e.1e,4032,3024,"[{""x_px"":1461.5500560523283,""y_px"":1971.6013856506547,""semantic_role"":""12h""},{""x_px"":1816.4361906153536,""y_px"":2323.0158144668035,""semantic_role"":""3h""},{""x_px"":1465.9617661254442,""y_px"":2679.9833371278987,""semantic_role"":""6h""},{""x_px"":1109.636890793573,""y_px"":2326.7680873898703,""semantic_role"":""9h""}]","[{""x_px"":1461.5500560523283,""y_px"":1971.6013856506547,""semantic_role"":""12h""},{""x_px"":1816.4361906153536,""y_px"":2323.0158144668035,""semantic_role"":""3h""},{""x_px"":1465.9617661254442,""y_px"":2679.9833371278987,""semantic_role"":""6h""},{""x_px"":1109.636890793573,""y_px"":2326.7680873898703,""semantic_role"":""9h""},{""x_px"":1714.9125817287647,""y_px"":2573.6033063781733,""semantic_role"":null},{""x_px"":1215.0535097188495,""y_px"":2577.2677037383496,""semantic_role"":null},{""x_px"":1211.9339596095203,""y_px"":2076.3660221786304,""semantic_role"":null},{""x_px"":1711.7930316194356,""y_px"":2072.701624818454,""semantic_role"":null}]",1463.232177734375,2325.390869140625,354.25927734375,353.37481689453125,102.67526912689209,0.31771914509764665,1463.7502798522767,2324.8881618129844,cardinal_diameter_intersection_v1,good,cardinal_diameter_intersection_v1,"[{""x_px"":1436.6394448797505,""y_px"":2375.3736883872293,""semantic_role"":""hole_12h""},{""x_px"":1473.5144448797505,""y_px"":2409.4986883872293,""semantic_role"":""hole_3h""},{""x_px"":1436.3894448797505,""y_px"":2445.4986883872293,""semantic_role"":""hole_6h""},{""x_px"":1401.0144448797505,""y_px"":2407.8736883872293,""semantic_role"":""hole_9h""}]","[{""x_px"":1462.4336773501145,""y_px"":2434.9286441622967,""semantic_role"":null},{""x_px"":1411.1684357140898,""y_px"":2433.7795956428686,""semantic_role"":null},{""x_px"":1411.3452124093865,""y_px"":2384.193732612162,""semantic_role"":null},{""x_px"":1462.6104540454112,""y_px"":2385.34278113159,""semantic_role"":null}]",1436.5207431655879,2408.669519210873,"[{""x_px"":1436.6394448797505,""y_px"":2375.3736883872293,""semantic_role"":""hole_12h""},{""x_px"":1473.5144448797505,""y_px"":2409.4986883872293,""semantic_role"":""hole_3h""},{""x_px"":1436.3894448797505,""y_px"":2445.4986883872293,""semantic_role"":""hole_6h""},{""x_px"":1401.0144448797505,""y_px"":2407.8736883872293,""semantic_role"":""hole_9h""},{""x_px"":1462.4336773501145,""y_px"":2434.9286441622967,""semantic_role"":null},{""x_px"":1411.1684357140898,""y_px"":2433.7795956428686,""semantic_role"":null},{""x_px"":1411.3452124093865,""y_px"":2384.193732612162,""semantic_role"":null},{""x_px"":1462.6104540454112,""y_px"":2385.34278113159,""semantic_role"":null}]","[0.45396801045813223,0.19443711853434603,0.4295768715707894,0.17642201571898813,0.4576043695370939,0.20921144015686266,0.44377703206581737,0.16369994097221427]",0.8278770754428338,1.3341402972112193,"[{""pair_index"":1,""first_point_index"":7,""second_point_index"":5,""midpoint_x_px"":1436.8894448797505,""midpoint_y_px"":2409.5611883872293,""dx_px"":0.18404144837450076,""dy_px"":0.44540340964567804,""distance_px"":0.4819288869156732,""severity"":""normal""},{""pair_index"":2,""first_point_index"":1,""second_point_index"":3,""midpoint_x_px"":1437.2644448797505,""midpoint_y_px"":2408.6861883872293,""dx_px"":-0.19095855162549924,""dy_px"":1.320403409645678,""distance_px"":1.3341402972112193,""severity"":""warning""},{""pair_index"":3,""first_point_index"":4,""second_point_index"":6,""midpoint_x_px"":1436.8894448797505,""midpoint_y_px"":2409.5611883872293,""dx_px"":0.18404144837450076,""dy_px"":0.44540340964567804,""distance_px"":0.4819288869156732,""severity"":""normal""},{""pair_index"":4,""first_point_index"":2,""second_point_index"":0,""midpoint_x_px"":1436.5144448797505,""midpoint_y_px"":2410.4361883872293,""dx_px"":0.5590414483745008,""dy_px"":-0.42959659035432196,""distance_px"":0.7050394112705465,""severity"":""normal""}]",1437.073486328125,2410.006591796875,36.35763931274414,34.99380111694336,15.073989868164062,0.3421367917912281,0.4576043695370939,usable,5.657463778334051,87,unreviewed,
2.7,2a3987ff-035c-4898-9291-4da250fa2c8d,RIFLE_SRC_0367,CB32E1E1746D6ECEA9AB58996602F0CC496FD2C43A373B000415B830D23B9729,A,khai,2026-09-20T22:44:21.479930+00:00,saigon_sniper_air_rifle_10m_decimal_v1,ground_truth_labeler_r1.3e.1e,4032,3024,"[{""x_px"":1420.0072270220392,""y_px"":1535.2552230400047,""semantic_role"":""12h""},{""x_px"":1795.1639584685738,""y_px"":1921.0081398851266,""semantic_role"":""3h""},{""x_px"":1412.537474033857,""y_px"":2295.0354640944593,""semantic_role"":""6h""},{""x_px"":1034.5562923461364,""y_px"":1913.4766471687592,""semantic_role"":""9h""}]","[{""x_px"":1420.0072270220392,""y_px"":1535.2552230400047,""semantic_role"":""12h""},{""x_px"":1795.1639584685738,""y_px"":1921.0081398851266,""semantic_role"":""3h""},{""x_px"":1412.537474033857,""y_px"":2295.0354640944593,""semantic_role"":""6h""},{""x_px"":1034.5562923461364,""y_px"":1913.4766471687592,""semantic_role"":""9h""},{""x_px"":1681.681812201787,""y_px"":2187.2167038599446,""semantic_role"":null},{""x_px"":1143.910725828234,""y_px"":2181.68507950834,""semantic_role"":null},{""x_px"":1149.9388818978284,""y_px"":1644.1956972624475,""semantic_role"":null},{""x_px"":1687.7099682713813,""y_px"":1649.7273216140522,""semantic_role"":null}]",1415.3465576171875,1915.41943359375,380.4274597167969,379.8770751953125,160.3502655029297,0.38694314147626224,1416.2515979935947,1917.2561718072768,cardinal_diameter_intersection_v1,good,cardinal_diameter_intersection_v1,"[{""x_px"":1270.756559053289,""y_px"":1862.3007542900048,""semantic_role"":""hole_12h""},{""x_px"":1308.006559053289,""y_px"":1900.6757542900048,""semantic_role"":""hole_3h""},{""x_px"":1271.631559053289,""y_px"":1937.9257542900048,""semantic_role"":""hole_6h""},{""x_px"":1231.631559053289,""y_px"":1900.0507542900048,""semantic_role"":""hole_9h""}]","[{""x_px"":1299.0647700253958,""y_px"":1927.1814684953245,""semantic_role"":null},{""x_px"":1244.2639944834384,""y_px"":1925.8556432805997,""semantic_role"":null},{""x_px"":1243.6452760499,""y_px"":1872.2923046057188,""semantic_role"":null},{""x_px"":1298.4460515918574,""y_px"":1873.6181298204435,""semantic_role"":null}]",1271.1970820904576,1900.3745310742675,"[{""x_px"":1270.756559053289,""y_px"":1862.3007542900048,""semantic_role"":""hole_12h""},{""x_px"":1308.006559053289,""y_px"":1900.6757542900048,""semantic_role"":""hole_3h""},{""x_px"":1271.631559053289,""y_px"":1937.9257542900048,""semantic_role"":""hole_6h""},{""x_px"":1231.631559053289,""y_px"":1900.0507542900048,""semantic_role"":""hole_9h""},{""x_px"":1299.0647700253958,""y_px"":1927.1814684953245,""semantic_role"":null},{""x_px"":1244.2639944834384,""y_px"":1925.8556432805997,""semantic_role"":null},{""x_px"":1243.6452760499,""y_px"":1872.2923046057188,""semantic_role"":null},{""x_px"":1298.4460515918574,""y_px"":1873.6181298204435,""semantic_role"":null}]","[0.325552166484855,1.0023647930990265,0.047029555129201914,0.5784749591237338,0.553621219281559,0.5473862048881997,0.260344223186616,0.7782896326626374]",0.7771791921476825,0.8988576204816692,"[{""pair_index"":1,""first_point_index"":7,""second_point_index"":5,""midpoint_x_px"":1271.355023037648,""midpoint_y_px"":1899.7368865505216,""dx_px"":-0.7580992095229249,""dy_px"":0.17595524635339643,""distance_px"":0.7782510264680464,""severity"":""normal""},{""pair_index"":2,""first_point_index"":1,""second_point_index"":3,""midpoint_x_px"":1269.819059053289,""midpoint_y_px"":1900.3632542900048,""dx_px"":0.7778647748359617,""dy_px"":-0.45041249312976106,""distance_px"":0.8988576204816692,""severity"":""normal""},{""pair_index"":3,""first_point_index"":4,""second_point_index"":6,""midpoint_x_px"":1271.355023037648,""midpoint_y_px"":1899.7368865505216,""dx_px"":-0.7580992095229249,""dy_px"":0.17595524635339643,""distance_px"":0.7782510264680464,""severity"":""normal""},{""pair_index"":4,""first_point_index"":2,""second_point_index"":0,""midpoint_x_px"":1271.194059053289,""midpoint_y_px"":1900.1132542900048,""dx_px"":-0.5971352251640383,""dy_px"":-0.20041249312976106,""distance_px"":0.6298695456475041,""severity"":""normal""}]",1270.596923828125,1899.912841796875,38.896018981933594,37.47524642944336,35.79386901855469,0.5838671111149549,1.0023647930990265,good,8.735458576908265,75,unreviewed,
2.7,4495e0e7-3dfe-4ed8-b07f-a1ef6adb1276,RIFLE_SRC_0394,72F3EB21655910617E10F44FA36F8C7BD71148EF0F39C415633E2C40A7BCD41C,A,khai,2026-09-20T22:52:54.235451+00:00,saigon_sniper_air_rifle_10m_decimal_v1,ground_truth_labeler_r1.3e.1e,4032,3024,"[{""x_px"":1531.5628500671144,""y_px"":1497.0178636502947,""semantic_role"":""12h""},{""x_px"":1907.588342294402,""y_px"":1887.3561804230233,""semantic_role"":""3h""},{""x_px"":1520.5058577763762,""y_px"":2263.4606878266572,""semantic_role"":""6h""},{""x_px"":1141.015359515871,""y_px"":1878.0467731370209,""semantic_role"":""9h""}]","[{""x_px"":1531.5628500671144,""y_px"":1497.0178636502947,""semantic_role"":""12h""},{""x_px"":1907.588342294402,""y_px"":1887.3561804230233,""semantic_role"":""3h""},{""x_px"":1520.5058577763762,""y_px"":2263.4606878266572,""semantic_role"":""6h""},{""x_px"":1141.015359515871,""y_px"":1878.0467731370209,""semantic_role"":""9h""},{""x_px"":1792.2833424978353,""y_px"":2155.740207953066,""semantic_role"":null},{""x_px"":1250.2343881007375,""y_px"":2149.1574629323063,""semantic_role"":null},{""x_px"":1258.052862329046,""y_px"":1607.2005445654318,""semantic_role"":null},{""x_px"":1800.1018167261439,""y_px"":1613.7832895861914,""semantic_role"":null}]",1524.7529296875,1880.844482421875,383.7323303222656,382.8506164550781,137.4989013671875,0.5313677307826566,1525.998536030439,1882.7220816450802,cardinal_diameter_intersection_v1,usable,cardinal_diameter_intersection_v1,"[{""x_px"":1594.060144952058,""y_px"":1919.9188755004138,""semantic_role"":""hole_12h""},{""x_px"":1631.935144952058,""y_px"":1958.2938755004138,""semantic_role"":""hole_3h""},{""x_px"":1593.935144952058,""y_px"":1995.9188755004138,""semantic_role"":""hole_6h""},{""x_px"":1554.060144952058,""y_px"":1957.0438755004138,""semantic_role"":""hole_9h""}]","[{""x_px"":1620.986421070685,""y_px"":1985.1058749237443,""semantic_role"":null},{""x_px"":1565.9204804857825,""y_px"":1984.221991447261,""semantic_role"":null},{""x_px"":1566.0088688334308,""y_px"":1930.4818760770834,""semantic_role"":null},{""x_px"":1621.0748094183334,""y_px"":1931.3657595535667,""semantic_role"":null}]",1593.9980297258396,1957.6849330409225,"[{""x_px"":1594.060144952058,""y_px"":1919.9188755004138,""semantic_role"":""hole_12h""},{""x_px"":1631.935144952058,""y_px"":1958.2938755004138,""semantic_role"":""hole_3h""},{""x_px"":1593.935144952058,""y_px"":1995.9188755004138,""semantic_role"":""hole_6h""},{""x_px"":1554.060144952058,""y_px"":1957.0438755004138,""semantic_role"":""hole_9h""},{""x_px"":1620.986421070685,""y_px"":1985.1058749237443,""semantic_role"":null},{""x_px"":1565.9204804857825,""y_px"":1984.221991447261,""semantic_role"":null},{""x_px"":1566.0088688334308,""y_px"":1930.4818760770834,""semantic_role"":null},{""x_px"":1621.0748094183334,""y_px"":1931.3657595535667,""semantic_role"":null}]","[0.05557015922423038,0.25403007183330073,0.06143237155912506,0.24640440480629697,0.12871198155521985,0.21734768611673208,0.13889512971590515,0.21247931915392892]",0.44532468884612564,0.7534023901718692,"[{""pair_index"":1,""first_point_index"":7,""second_point_index"":5,""midpoint_x_px"":1593.497644952058,""midpoint_y_px"":1957.7938755004138,""dx_px"":-0.25008635830795356,""dy_px"":0.054391101148667076,""distance_px"":0.2559327616697375,""severity"":""normal""},{""pair_index"":2,""first_point_index"":1,""second_point_index"":3,""midpoint_x_px"":1592.997644952058,""midpoint_y_px"":1957.6688755004138,""dx_px"":0.24991364169204644,""dy_px"":0.17939110114866708,""distance_px"":0.3076328907563557,""severity"":""normal""},{""pair_index"":3,""first_point_index"":4,""second_point_index"":6,""midpoint_x_px"":1593.497644952058,""midpoint_y_px"":1957.7938755004138,""dx_px"":-0.25008635830795356,""dy_px"":0.054391101148667076,""distance_px"":0.2559327616697375,""severity"":""normal""},{""pair_index"":4,""first_point_index"":2,""second_point_index"":0,""midpoint_x_px"":1593.997644952058,""midpoint_y_px"":1957.9188755004138,""dx_px"":-0.7500863583079536,""dy_px"":-0.07060889885133292,""distance_px"":0.7534023901718692,""severity"":""normal""}]",1593.24755859375,1957.8482666015625,39.02195739746094,37.92701721191406,15.805068969726562,0.18040042127107345,0.25403007183330073,good,6.014136042258636,85,unreviewed,
2.7,ce83ce98-2e45-4e06-bd4a-28e95bb7babe,RIFLE_SRC_0422,0761B7A61541D4DF97EA13F0F439C0D129429E2659A97328BB9E57E506923D10,A,khai,2026-09-20T22:58:45.902295+00:00,saigon_sniper_air_rifle_10m_decimal_v1,ground_truth_labeler_r1.3e.1e,4032,3024,"[{""x_px"":1538.5126746832048,""y_px"":1752.052439057661,""semantic_role"":""12h""},{""x_px"":2068.084327872543,""y_px"":2286.747399156566,""semantic_role"":""3h""},{""x_px"":1536.6507013024252,""y_px"":2805.0149416625227,""semantic_role"":""6h""},{""x_px"":1008.530271216764,""y_px"":2279.7403116947708,""semantic_role"":""9h""}]","[{""x_px"":1538.5126746832048,""y_px"":1752.052439057661,""semantic_role"":""12h""},{""x_px"":2068.084327872543,""y_px"":2286.747399156566,""semantic_role"":""3h""},{""x_px"":1536.6507013024252,""y_px"":2805.0149416625227,""semantic_role"":""6h""},{""x_px"":1008.530271216764,""y_px"":2279.7403116947708,""semantic_role"":""9h""},{""x_px"":1912.5708833980382,""y_px"":2655.4748324896036,""semantic_role"":null},{""x_px"":1163.3513798782592,""y_px"":2651.1276407699943,""semantic_role"":null},{""x_px"":1164.7519828793054,""y_px"":1906.1501840784051,""semantic_role"":null},{""x_px"":1913.9714863990844,""y_px"":1910.4973757980142,""semantic_role"":null}]",1538.490234375,2279.67578125,530.1663818359375,526.26318359375,16.27582550048828,0.817526529478439,1537.5733675022514,2283.23900175541,cardinal_diameter_intersection_v1,usable,cardinal_diameter_intersection_v1,"[{""x_px"":1731.0252409543914,""y_px"":2311.5243607307025,""semantic_role"":""hole_12h""},{""x_px"":1787.5946618528287,""y_px"":2365.07674584789,""semantic_role"":""hole_3h""},{""x_px"":1738.2161366575165,""y_px"":2418.983186668202,""semantic_role"":""hole_6h""},{""x_px"":1678.3616653684544,""y_px"":2363.900084715077,""semantic_role"":""hole_9h""}]","[{""x_px"":1774.9614880372542,""y_px"":2403.2795392829285,""semantic_role"":null},{""x_px"":1697.7220954938268,""y_px"":2402.447514216758,""semantic_role"":null},{""x_px"":1692.6373643793418,""y_px"":2326.462649698007,""semantic_role"":null},{""x_px"":1769.8767569227691,""y_px"":2327.2946747641777,""semantic_role"":null}]",1734.570620699241,2364.5055692772694,"[{""x_px"":1731.0252409543914,""y_px"":2311.5243607307025,""semantic_role"":""hole_12h""},{""x_px"":1787.5946618528287,""y_px"":2365.07674584789,""semantic_role"":""hole_3h""},{""x_px"":1738.2161366575165,""y_px"":2418.983186668202,""semantic_role"":""hole_6h""},{""x_px"":1678.3616653684544,""y_px"":2363.900084715077,""semantic_role"":""hole_9h""},{""x_px"":1774.9614880372542,""y_px"":2403.2795392829285,""semantic_role"":null},{""x_px"":1697.7220954938268,""y_px"":2402.447514216758,""semantic_role"":null},{""x_px"":1692.6373643793418,""y_px"":2326.462649698007,""semantic_role"":null},{""x_px"":1769.8767569227691,""y_px"":2327.2946747641777,""semantic_role"":null}]","[0.18291097911466542,0.4037165658892836,0.1917682823706102,0.3925095747328098,0.13834784701651714,0.39951986768014874,0.16485985271937648,0.3935723150336075]",0.7696790681098532,1.223219829933132,"[{""pair_index"":1,""first_point_index"":7,""second_point_index"":5,""midpoint_x_px"":1733.799426208298,""midpoint_y_px"":2364.871094490468,""dx_px"":-0.38548577861047306,""dy_px"":0.18261644703216007,""distance_px"":0.42655369209229965,""severity"":""normal""},{""pair_index"":2,""first_point_index"":1,""second_point_index"":3,""midpoint_x_px"":1732.9781636106416,""midpoint_y_px"":2364.4884152814834,""dx_px"":0.435776819045941,""dy_px"":0.5652956560165876,""distance_px"":0.7137650977240502,""severity"":""normal""},{""pair_index"":3,""first_point_index"":4,""second_point_index"":6,""midpoint_x_px"":1733.799426208298,""midpoint_y_px"":2364.871094490468,""dx_px"":-0.38548577861047306,""dy_px"":0.18261644703216007,""distance_px"":0.42655369209229965,""severity"":""normal""},{""pair_index"":4,""first_point_index"":2,""second_point_index"":0,""midpoint_x_px"":1734.620688805954,""midpoint_y_px"":2365.2537736994523,""dx_px"":-1.2067483762664324,""dy_px"":-0.20006276195226746,""distance_px"":1.223219829933132,""severity"":""warning""}]",1733.4139404296875,2365.0537109375,56.34703063964844,52.058685302734375,38.23274230957031,0.3058015128067682,0.4037165658892836,good,9.145182119705442,73,unreviewed,
2.7,73014233-13d1-4be0-98d8-db314de9ea67,RIFLE_SRC_0449,CC54A39016D6A4D7BE42DB7FD926CCF63A1874A56FEC0AC660C7D440C6499CE0,A,khai,2026-09-20T23:02:18.540610+00:00,saigon_sniper_air_rifle_10m_decimal_v1,ground_truth_labeler_r1.3e.1e,4032,3024,"[{""x_px"":1561.6471344128959,""y_px"":1811.6233891443442,""semantic_role"":""12h""},{""x_px"":2070.4044305381494,""y_px"":2325.7288869520653,""semantic_role"":""3h""},{""x_px"":1557.264907647524,""y_px"":2835.6813222645646,""semantic_role"":""6h""},{""x_px"":1047.5294305381494,""y_px"":2322.3538869520653,""semantic_role"":""9h""}]","[{""x_px"":1561.6471344128959,""y_px"":1811.6233891443442,""semantic_role"":""12h""},{""x_px"":2070.4044305381494,""y_px"":2325.7288869520653,""semantic_role"":""3h""},{""x_px"":1557.264907647524,""y_px"":2835.6813222645646,""semantic_role"":""6h""},{""x_px"":1047.5294305381494,""y_px"":2322.3538869520653,""semantic_role"":""9h""},{""x_px"":1920.253393255451,""y_px"":2686.586108342396,""semantic_role"":null},{""x_px"":1196.8111983756155,""y_px"":2684.3637312195888,""semantic_role"":null},{""x_px"":1198.9589087132754,""y_px"":1960.4084531996104,""semantic_role"":null},{""x_px"":1922.401103593111,""y_px"":1962.6308303224175,""semantic_role"":null}]",1559.2872314453125,2323.573974609375,512.0336303710938,511.4388427734375,87.60751342773438,0.2320651496114685,1559.454349375896,2324.042995201927,cardinal_diameter_intersection_v1,good,cardinal_diameter_intersection_v1,"[{""x_px"":1496.5427697482794,""y_px"":2171.5595156274103,""semantic_role"":""hole_12h""},{""x_px"":1548.0787908420293,""y_px"":2226.050496799286,""semantic_role"":""hole_3h""},{""x_px"":1500.3265916232795,""y_px"":2278.6930234399106,""semantic_role"":""hole_6h""},{""x_px"":1447.9537908420293,""y_px"":2226.300496799286,""semantic_role"":""hole_9h""}]","[{""x_px"":1534.9628020503633,""y_px"":2263.4399097520854,""semantic_role"":null},{""x_px"":1464.1637355840603,""y_px"":2263.616686447382,""semantic_role"":null},{""x_px"":1461.4881694774458,""y_px"":2187.861856580861,""semantic_role"":null},{""x_px"":1532.2872359437488,""y_px"":2187.6850798855644,""semantic_role"":null}]",1498.4716979233453,2226.174359702954,"[{""x_px"":1496.5427697482794,""y_px"":2171.5595156274103,""semantic_role"":""hole_12h""},{""x_px"":1548.0787908420293,""y_px"":2226.050496799286,""semantic_role"":""hole_3h""},{""x_px"":1500.3265916232795,""y_px"":2278.6930234399106,""semantic_role"":""hole_6h""},{""x_px"":1447.9537908420293,""y_px"":2226.300496799286,""semantic_role"":""hole_9h""},{""x_px"":1534.9628020503633,""y_px"":2263.4399097520854,""semantic_role"":null},{""x_px"":1464.1637355840603,""y_px"":2263.616686447382,""semantic_role"":null},{""x_px"":1461.4881694774458,""y_px"":2187.861856580861,""semantic_role"":null},{""x_px"":1532.2872359437488,""y_px"":2187.6850798855644,""semantic_role"":null}]","[0.2594328142214092,0.11212751651112735,0.2648924120427042,0.1154967835153723,0.26562924955366773,0.0891010910573838,0.268380044683582,0.09972082096586939]",0.4930880714313682,0.7910392088400537,"[{""pair_index"":1,""first_point_index"":1,""second_point_index"":3,""midpoint_x_px"":1498.0162908420293,""midpoint_y_px"":2226.175496799286,""dx_px"":0.08612615015817937,""dy_px"":-0.7863366430360657,""distance_px"":0.7910392088400537,""severity"":""normal""},{""pair_index"":2,""first_point_index"":4,""second_point_index"":6,""midpoint_x_px"":1498.2254857639045,""midpoint_y_px"":2225.6508831664732,""dx_px"":-0.123068771717044,""dy_px"":-0.26172301022324973,""distance_px"":0.289214205481441,""severity"":""normal""},{""pair_index"":3,""first_point_index"":2,""second_point_index"":0,""midpoint_x_px"":1498.4346806857793,""midpoint_y_px"":2225.1262695336604,""dx_px"":-0.3322636935918126,""dy_px"":0.2628906225895662,""distance_px"":0.4236869617120684,""severity"":""normal""},{""pair_index"":4,""first_point_index"":5,""second_point_index"":7,""midpoint_x_px"":1498.2254857639045,""midpoint_y_px"":2225.6508831664732,""dx_px"":-0.123068771717044,""dy_px"":-0.26172301022324973,""distance_px"":0.289214205481441,""severity"":""normal""}]",1498.1024169921875,2225.38916015625,53.78959274291992,49.86677932739258,76.09388732910156,0.20120122240512148,0.268380044683582,good,5.124895654863681,89,unreviewed,
2.7,6e843775-2ed3-4050-bbc4-03805efe532e,RIFLE_SRC_0477,7E69D873F408A817A1D1E602DEEBE5F599D63FFA9AE47A14D9C7C8FA9DE36116,A,khai,2026-09-20T23:06:35.642174+00:00,saigon_sniper_air_rifle_10m_decimal_v1,ground_truth_labeler_r1.3e.1e,4032,3024,"[{""x_px"":1472.5118572749516,""y_px"":1786.987087431597,""semantic_role"":""12h""},{""x_px"":1978.9976427625813,""y_px"":2302.644978015597,""semantic_role"":""3h""},{""x_px"":1463.9878689639904,""y_px"":2812.3534291897067,""semantic_role"":""6h""},{""x_px"":954.9793602760942,""y_px"":2295.5768453650935,""semantic_role"":""9h""}]","[{""x_px"":1472.5118572749516,""y_px"":1786.987087431597,""semantic_role"":""12h""},{""x_px"":1978.9976427625813,""y_px"":2302.644978015597,""semantic_role"":""3h""},{""x_px"":1463.9878689639904,""y_px"":2812.3534291897067,""semantic_role"":""6h""},{""x_px"":954.9793602760942,""y_px"":2295.5768453650935,""semantic_role"":""9h""},{""x_px"":1826.9813083130257,""y_px"":2663.772543351224,""semantic_role"":null},{""x_px"":1102.7644331035403,""y_px"":2659.6196389033094,""semantic_role"":null},{""x_px"":1108.530996597592,""y_px"":1934.4794682921367,""semantic_role"":null},{""x_px"":1832.7478718070774,""y_px"":1938.6323727400516,""semantic_role"":null}]",1467.3699951171875,2299.39404296875,513.0614624023438,511.738525390625,119.97885513305664,0.33452580665925136,1468.2544403926372,2299.1196496435996,cardinal_diameter_intersection_v1,good,cardinal_diameter_intersection_v1,"[{""x_px"":1709.3606230140122,""y_px"":2144.5374505773893,""semantic_role"":""hole_12h""},{""x_px"":1763.5710378577621,""y_px"":2192.36791151489,""semantic_role"":""hole_3h""},{""x_px"":1714.9424041858872,""y_px"":2246.9998427648898,""semantic_role"":""hole_6h""},{""x_px"":1658.55680234995,""y_px"":2196.746352100828,""semantic_role"":""hole_9h""}]","[{""x_px"":1750.3024892949697,""y_px"":2229.584166757468,""semantic_role"":null},{""x_px"":1675.4941106928557,""y_px"":2230.7872308536707,""semantic_role"":null},{""x_px"":1673.29397366997,""y_px"":2159.186073007468,""semantic_role"":null},{""x_px"":1745.8761162587045,""y_px"":2157.921708129432,""semantic_role"":null}]",1712.0831995279957,2194.5146341942977,"[{""x_px"":1709.3606230140122,""y_px"":2144.5374505773893,""semantic_role"":""hole_12h""},{""x_px"":1763.5710378577621,""y_px"":2192.36791151489,""semantic_role"":""hole_3h""},{""x_px"":1714.9424041858872,""y_px"":2246.9998427648898,""semantic_role"":""hole_6h""},{""x_px"":1658.55680234995,""y_px"":2196.746352100828,""semantic_role"":""hole_9h""},{""x_px"":1750.3024892949697,""y_px"":2229.584166757468,""semantic_role"":null},{""x_px"":1675.4941106928557,""y_px"":2230.7872308536707,""semantic_role"":null},{""x_px"":1673.29397366997,""y_px"":2159.186073007468,""semantic_role"":null},{""x_px"":1745.8761162587045,""y_px"":2157.921708129432,""semantic_role"":null}]","[0.19381558649818406,0.17924249179426344,0.6636977988489868,0.3744390706488932,0.5386124045016382,0.6464400694070741,0.018802977069467933,0.1137311674693749]",1.0366713445940359,1.1414548101401496,"[{""pair_index"":1,""first_point_index"":7,""second_point_index"":5,""midpoint_x_px"":1710.68511347578,""midpoint_y_px"":2194.3544694915513,""dx_px"":0.5349792976574008,""dy_px"":1.0083234771987009,""distance_px"":1.1414548101401496,""severity"":""warning""},{""pair_index"":2,""first_point_index"":1,""second_point_index"":3,""midpoint_x_px"":1711.0639201038562,""midpoint_y_px"":2194.557131807859,""dx_px"":0.1561726695813377,""dy_px"":0.8056611608908497,""distance_px"":0.820658155928614,""severity"":""normal""},{""pair_index"":3,""first_point_index"":4,""second_point_index"":6,""midpoint_x_px"":1711.7982314824699,""midpoint_y_px"":2194.385119882468,""dx_px"":-0.5781387090323733,""dy_px"":0.9776730862818113,""distance_px"":1.1358208619854722,""severity"":""warning""},{""pair_index"":4,""first_point_index"":2,""second_point_index"":0,""midpoint_x_px"":1712.1515135999498,""midpoint_y_px"":2195.7686466711393,""dx_px"":-0.9314208265122943,""dy_px"":-0.4058537023893223,""distance_px"":1.0160029447811487,""severity"":""warning""}]",1711.2200927734375,2195.36279296875,52.67821502685547,50.700164794921875,23.527793884277344,0.41407549949832967,0.6636977988489868,usable,11.77565149587455,62,unreviewed,
2.7,3350c0e0-1e5a-46df-89f5-a5fefbe42426,RIFLE_SRC_0504,7B9725611A2EEF81CC166CB2CBCCDE6D7ECAEECDB3341E317778F7A9279A9650,A,khai,2026-09-20T23:10:06.486996+00:00,saigon_sniper_air_rifle_10m_decimal_v1,ground_truth_labeler_r1.3e.1e,4032,3024,"[{""x_px"":1489.2093296441756,""y_px"":1795.8816685114357,""semantic_role"":""12h""},{""x_px"":1998.1555168924303,""y_px"":2312.86335788674,""semantic_role"":""3h""},{""x_px"":1481.774392105113,""y_px"":2823.16630812081,""semantic_role"":""6h""},{""x_px"":972.6032327129792,""y_px"":2305.713477119541,""semantic_role"":""9h""}]","[{""x_px"":1489.2093296441756,""y_px"":1795.8816685114357,""semantic_role"":""12h""},{""x_px"":1998.1555168924303,""y_px"":2312.86335788674,""semantic_role"":""3h""},{""x_px"":1481.774392105113,""y_px"":2823.16630812081,""semantic_role"":""6h""},{""x_px"":972.6032327129792,""y_px"":2305.713477119541,""semantic_role"":""9h""},{""x_px"":1845.811433413066,""y_px"":2675.0314019380767,""semantic_role"":null},{""x_px"":1120.6364588084227,""y_px"":2669.9756727629156,""semantic_role"":null},{""x_px"":1126.1640401713348,""y_px"":1943.7999030818098,""semantic_role"":null},{""x_px"":1851.339014775978,""y_px"":1948.8556322569714,""semantic_role"":null}]",1485.6826171875,2309.469482421875,513.646484375,512.719970703125,100.79712390899658,0.22261986174890522,1485.4935600488425,2309.2892135726415,cardinal_diameter_intersection_v1,good,cardinal_diameter_intersection_v1,"[{""x_px"":1551.7625273320539,""y_px"":2187.7727239545598,""semantic_role"":""hole_12h""},{""x_px"":1600.413928519554,""y_px"":2241.900927339325,""semantic_role"":""hole_3h""},{""x_px"":1552.5480587148666,""y_px"":2292.5083553862005,""semantic_role"":""hole_6h""},{""x_px"":1498.5363966054913,""y_px"":2240.3189403471383,""semantic_role"":""hole_9h""}]","[{""x_px"":1587.1121019102936,""y_px"":2278.214191230352,""semantic_role"":null},{""x_px"":1515.0738082433109,""y_px"":2277.0955575004277,""semantic_role"":null},{""x_px"":1514.5183536756892,""y_px"":2203.03628228326,""semantic_role"":null},{""x_px"":1586.556647342672,""y_px"":2204.154916013184,""semantic_role"":null}]",1552.1628766339777,2241.1516695294044,"[{""x_px"":1551.7625273320539,""y_px"":2187.7727239545598,""semantic_role"":""hole_12h""},{""x_px"":1600.413928519554,""y_px"":2241.900927339325,""semantic_role"":""hole_3h""},{""x_px"":1552.5480587148666,""y_px"":2292.5083553862005,""semantic_role"":""hole_6h""},{""x_px"":1498.5363966054913,""y_px"":2240.3189403471383,""semantic_role"":""hole_9h""},{""x_px"":1587.1121019102936,""y_px"":2278.214191230352,""semantic_role"":null},{""x_px"":1515.0738082433109,""y_px"":2277.0955575004277,""semantic_role"":null},{""x_px"":1514.5183536756892,""y_px"":2203.03628228326,""semantic_role"":null},{""x_px"":1586.556647342672,""y_px"":2204.154916013184,""semantic_role"":null}]","[0.2670410655935099,0.6922595098003571,0.23702727307038624,0.6522614925187965,0.6532433198731421,0.3359561934306229,0.6764927143370147,0.26776626665212727]",1.2399486643946078,2.0254073933206174,"[{""pair_index"":1,""first_point_index"":1,""second_point_index"":3,""midpoint_x_px"":1549.4751625625227,""midpoint_y_px"":2241.1099338432314,""dx_px"":0.6669272812273448,""dy_px"":-0.7473850151063743,""distance_px"":1.0016867570507524,""severity"":""warning""},{""pair_index"":2,""first_point_index"":4,""second_point_index"":6,""midpoint_x_px"":1550.8152277929914,""midpoint_y_px"":2240.625236756806,""dx_px"":-0.6731379492414362,""dy_px"":-0.26268792868086166,""distance_px"":0.7225784708829954,""severity"":""normal""},{""pair_index"":3,""first_point_index"":2,""second_point_index"":0,""midpoint_x_px"":1552.1552930234602,""midpoint_y_px"":2240.1405396703803,""dx_px"":-2.0132031797102172,""dy_px"":0.22200915774465102,""distance_px"":2.0254073933206174,""severity"":""warning""},{""pair_index"":4,""first_point_index"":5,""second_point_index"":7,""midpoint_x_px"":1550.8152277929914,""midpoint_y_px"":2240.625236756806,""dx_px"":-0.6731379492414362,""dy_px"":-0.26268792868086166,""distance_px"":0.7225784708829954,""severity"":""normal""}]",1550.14208984375,2240.362548828125,52.59884262084961,50.759056091308594,70.60530090332031,0.5124811834832985,0.6922595098003571,good,4.224545475479457,93,unreviewed,
2.7,8d5fd542-1b3a-4804-9ce2-338306403cd7,RIFLE_SRC_0532,A47E9DA0CF9FCE9ABACF511C2189A7F6A6233898E0598A956636F08141283224,A,khai,2026-09-20T23:13:06.273307+00:00,saigon_sniper_air_rifle_10m_decimal_v1,ground_truth_labeler_r1.3e.1e,4032,3024,"[{""x_px"":1530.050594170967,""y_px"":1775.0494385109907,""semantic_role"":""12h""},{""x_px"":2040.5356916207102,""y_px"":2296.167479620166,""semantic_role"":""3h""},{""x_px"":1520.5476204810948,""y_px"":2806.5944427765744,""semantic_role"":""6h""},{""x_px"":1008.9919879502314,""y_px"":2287.8051999898357,""semantic_role"":""9h""}]","[{""x_px"":1530.050594170967,""y_px"":1775.0494385109907,""semantic_role"":""12h""},{""x_px"":2040.5356916207102,""y_px"":2296.167479620166,""semantic_role"":""3h""},{""x_px"":1520.5476204810948,""y_px"":2806.5944427765744,""semantic_role"":""6h""},{""x_px"":1008.9919879502314,""y_px"":2287.8051999898357,""semantic_role"":""9h""},{""x_px"":1886.3774389648188,""y_px"":2659.066886348434,""semantic_role"":null},{""x_px"":1156.9658910091366,""y_px"":2653.1538617156493,""semantic_role"":null},{""x_px"":1163.6855081466829,""y_px"":1923.741394100349,""semantic_role"":null},{""x_px"":1893.097056102365,""y_px"":1929.6544187331338,""semantic_role"":null}]",1524.903076171875,2291.11083984375,516.0774536132812,515.5065307617188,135.2131233215332,0.2264051999812376,1525.2883412806232,2291.9905917122665,cardinal_diameter_intersection_v1,good,cardinal_diameter_intersection_v1,"[{""x_px"":1448.66416687512,""y_px"":2226.5541051882415,""semantic_role"":""hole_12h""},{""x_px"":1500.7564306895733,""y_px"":2279.346634541756,""semantic_role"":""hole_3h""},{""x_px"":1452.6469393700675,""y_px"":2330.4703170072466,""semantic_role"":""hole_6h""},{""x_px"":1396.3821718751199,""y_px"":2278.464950735116,""semantic_role"":""hole_9h""}]","[{""x_px"":1487.9224230165305,""y_px"":2315.760653193577,""semantic_role"":null},{""x_px"":1414.1186768275106,""y_px"":2315.1372085950393,""semantic_role"":null},{""x_px"":1411.3024313884098,""y_px"":2241.657350542603,""semantic_role"":null},{""x_px"":1485.1061775774297,""y_px"":2242.280795141141,""semantic_role"":null}]",1450.671318377461,2278.9235490704837,"[{""x_px"":1448.66416687512,""y_px"":2226.5541051882415,""semantic_role"":""hole_12h""},{""x_px"":1500.7564306895733,""y_px"":2279.346634541756,""semantic_role"":""hole_3h""},{""x_px"":1452.6469393700675,""y_px"":2330.4703170072466,""semantic_role"":""hole_6h""},{""x_px"":1396.3821718751199,""y_px"":2278.464950735116,""semantic_role"":""hole_9h""},{""x_px"":1487.9224230165305,""y_px"":2315.760653193577,""semantic_role"":null},{""x_px"":1414.1186768275106,""y_px"":2315.1372085950393,""semantic_role"":null},{""x_px"":1411.3024313884098,""y_px"":2241.657350542603,""semantic_role"":null},{""x_px"":1485.1061775774297,""y_px"":2242.280795141141,""semantic_role"":null}]","[0.11264086746109632,0.5387250237534915,0.09270480750638646,0.5127474506711324,0.44498715983619536,0.30641985950456674,0.4626418347646973,0.27522378656904356]",0.9246277129602499,1.5748518434495278,"[{""pair_index"":1,""first_point_index"":7,""second_point_index"":5,""midpoint_x_px"":1449.6124272024701,""midpoint_y_px"":2278.70900186809,""dx_px"":-0.529175249345144,""dy_px"":-0.10719522746512666,""distance_px"":0.5399233846674875,""severity"":""normal""},{""pair_index"":2,""first_point_index"":1,""second_point_index"":3,""midpoint_x_px"":1448.5693012823467,""midpoint_y_px"":2278.9057926384357,""dx_px"":0.5139506707782857,""dy_px"":-0.30398599781074154,""distance_px"":0.5971204056624108,""severity"":""normal""},{""pair_index"":3,""first_point_index"":4,""second_point_index"":6,""midpoint_x_px"":1449.6124272024701,""midpoint_y_px"":2278.70900186809,""dx_px"":-0.529175249345144,""dy_px"":-0.10719522746512666,""distance_px"":0.5399233846674875,""severity"":""normal""},{""pair_index"":4,""first_point_index"":2,""second_point_index"":0,""midpoint_x_px"":1450.6555531225936,""midpoint_y_px"":2278.512211097744,""dx_px"":-1.5723011694685738,""dy_px"":0.08959554288094296,""distance_px"":1.5748518434495278,""severity"":""warning""}]",1449.083251953125,2278.601806640625,53.309608459472656,50.87432861328125,41.874786376953125,0.38014948514217073,0.5387250237534915,good,3.3418288145948285,96,unreviewed,
2.7,892e30a3-eed3-40de-83d9-bfc592b40bb0,RIFLE_SRC_0559,DB8DE5CF3D5F7637E78B66C92BF2C2139DAB0BC4668C000B81F0C300756780C4,A,khai,2026-09-20T23:17:05.331016+00:00,saigon_sniper_air_rifle_10m_decimal_v1,ground_truth_labeler_r1.3e.1e,4032,3024,"[{""x_px"":1609.2494189052481,""y_px"":1357.106614945279,""semantic_role"":""12h""},{""x_px"":2034.5699437271314,""y_px"":2061.9636874161733,""semantic_role"":""3h""},{""x_px"":1548.230453893159,""y_px"":2815.0270652394693,""semantic_role"":""6h""},{""x_px"":1060.841306190151,""y_px"":2129.5108425616168,""semantic_role"":""9h""}]","[{""x_px"":1609.2494189052481,""y_px"":1357.106614945279,""semantic_role"":""12h""},{""x_px"":2034.5699437271314,""y_px"":2061.9636874161733,""semantic_role"":""3h""},{""x_px"":1548.230453893159,""y_px"":2815.0270652394693,""semantic_role"":""6h""},{""x_px"":1060.841306190151,""y_px"":2129.5108425616168,""semantic_role"":""9h""},{""x_px"":1877.5487038934068,""y_px"":2577.499703222097,""semantic_role"":null},{""x_px"":1185.8225072764417,""y_px"":2639.468852366781,""semantic_role"":null},{""x_px"":1227.7866025241458,""y_px"":1592.5207420467545,""semantic_role"":null},{""x_px"":1914.804778684986,""y_px"":1558.2208630421615,""semantic_role"":null}]",1547.4388427734375,2090.80908203125,734.5703125,483.17059326171875,97.03383493423462,1.899615375331882,1578.4243834493745,2093.6063173453117,cardinal_diameter_intersection_v1,poor,cardinal_diameter_intersection_v1,"[{""x_px"":1418.8064388509702,""y_px"":1863.6664144904971,""semantic_role"":""hole_12h""},{""x_px"":1471.569318583294,""y_px"":1939.697074642743,""semantic_role"":""hole_3h""},{""x_px"":1419.6235124837826,""y_px"":2017.9271814436217,""semantic_role"":""hole_6h""},{""x_px"":1364.2485124837826,""y_px"":1940.5521814436217,""semantic_role"":""hole_9h""}]","[{""x_px"":1456.7944596313882,""y_px"":1994.697804288147,""semantic_role"":null},{""x_px"":1380.9071898760171,""y_px"":1995.302456105687,""semantic_role"":null},{""x_px"":1380.3294315695266,""y_px"":1886.2236217220948,""semantic_role"":null},{""x_px"":1456.2167013248977,""y_px"":1885.6189699045547,""semantic_role"":null}]",1419.21136041527,1940.114250470402,"[{""x_px"":1418.8064388509702,""y_px"":1863.6664144904971,""semantic_role"":""hole_12h""},{""x_px"":1471.569318583294,""y_px"":1939.697074642743,""semantic_role"":""hole_3h""},{""x_px"":1419.6235124837826,""y_px"":2017.9271814436217,""semantic_role"":""hole_6h""},{""x_px"":1364.2485124837826,""y_px"":1940.5521814436217,""semantic_role"":""hole_9h""},{""x_px"":1456.7944596313882,""y_px"":1994.697804288147,""semantic_role"":null},{""x_px"":1380.9071898760171,""y_px"":1995.302456105687,""semantic_role"":null},{""x_px"":1380.3294315695266,""y_px"":1886.2236217220948,""semantic_role"":null},{""x_px"":1456.2167013248977,""y_px"":1885.6189699045547,""semantic_role"":null}]","[0.1658361486722896,0.3300581584781745,0.17536486804936752,0.32124454204108704,0.17128594675886039,0.3928230879851542,0.19065159770001794,0.3858868763901948]",0.6364336013870299,0.9911672148825829,"[{""pair_index"":1,""first_point_index"":4,""second_point_index"":6,""midpoint_x_px"":1418.5619456004574,""midpoint_y_px"":1940.4607130051209,""dx_px"":-0.32464091295742037,""dy_px"":0.17307605737914855,""distance_px"":0.36789542536397174,""severity"":""normal""},{""pair_index"":2,""first_point_index"":2,""second_point_index"":0,""midpoint_x_px"":1419.2149756673764,""midpoint_y_px"":1940.7967979670593,""dx_px"":-0.9776709798763932,""dy_px"":-0.1630089045593195,""distance_px"":0.9911672148825829,""severity"":""normal""},{""pair_index"":3,""first_point_index"":5,""second_point_index"":7,""midpoint_x_px"":1418.5619456004574,""midpoint_y_px"":1940.4607130051209,""dx_px"":-0.32464091295742037,""dy_px"":0.17307605737914855,""distance_px"":0.36789542536397174,""severity"":""normal""},{""pair_index"":4,""first_point_index"":3,""second_point_index"":1,""midpoint_x_px"":1417.9089155335382,""midpoint_y_px"":1940.1246280431824,""dx_px"":0.3283891539617798,""dy_px"":0.5091610193176166,""distance_px"":0.6058748881017333,""severity"":""normal""}]",1418.2373046875,1940.6337890625,77.13970184326172,53.667335510253906,89.83180236816406,0.28268721142117564,0.3928230879851542,ambiguous,9.286193291880057,72,unreviewed,
2.7,480cddd0-db1a-4526-b7a4-6db3fd11b24a,RIFLE_SRC_0587,81464587A0CFCA5B8CAC981AE863A28D1F7C15E92BD2D6D54A2BE5FE097BC75A,A,khai,2026-09-20T23:20:25.369670+00:00,saigon_sniper_air_rifle_10m_decimal_v1,ground_truth_labeler_r1.3e.1e,4032,3024,"[{""x_px"":1445.7550575553603,""y_px"":1361.624545680617,""semantic_role"":""12h""},{""x_px"":1958.340833034367,""y_px"":2022.2060340962166,""semantic_role"":""3h""},{""x_px"":1463.818789809929,""y_px"":2732.890333965869,""semantic_role"":""6h""},{""x_px"":916.6728328484566,""y_px"":2079.5788063848436,""semantic_role"":""9h""}]","[{""x_px"":1445.7550575553603,""y_px"":1361.624545680617,""semantic_role"":""12h""},{""x_px"":1958.340833034367,""y_px"":2022.2060340962166,""semantic_role"":""3h""},{""x_px"":1463.818789809929,""y_px"":2732.890333965869,""semantic_role"":""6h""},{""x_px"":916.6728328484566,""y_px"":2079.5788063848436,""semantic_role"":""9h""},{""x_px"":1824.525950018129,""y_px"":2513.4254269499197,""semantic_role"":null},{""x_px"":1087.9554433416417,""y_px"":2553.9941032906795,""semantic_role"":null},{""x_px"":1076.8407116492087,""y_px"":1584.4632578126839,""semantic_role"":null},{""x_px"":1813.411218325696,""y_px"":1543.894581471924,""semantic_role"":null}]",1444.081787109375,2048.593505859375,686.6167602539062,520.701416015625,92.74636054039001,5.092864178896444,1454.8222443545037,2049.9387256315863,cardinal_diameter_intersection_v1,poor,cardinal_diameter_intersection_v1,"[{""x_px"":1346.3548268143627,""y_px"":1978.8152919923598,""semantic_role"":""hole_12h""},{""x_px"":1398.526385071147,""y_px"":2051.0498368213957,""semantic_role"":""hole_3h""},{""x_px"":1345.6603579489827,""y_px"":2117.8330241838735,""semantic_role"":""hole_6h""},{""x_px"":1288.762937269295,""y_px"":2046.1248752737176,""semantic_role"":""hole_9h""}]","[{""x_px"":1383.3878340874828,""y_px"":2099.347184490457,""semantic_role"":null},{""x_px"":1305.7733558203774,""y_px"":2095.864710783011,""semantic_role"":null},{""x_px"":1306.2644194644106,""y_px"":1997.5643296452163,""semantic_role"":null},{""x_px"":1383.878897731516,""y_px"":2001.0468033526624,""semantic_role"":null}]",1346.0057483411017,2048.6932953539517,"[{""x_px"":1346.3548268143627,""y_px"":1978.8152919923598,""semantic_role"":""hole_12h""},{""x_px"":1398.526385071147,""y_px"":2051.0498368213957,""semantic_role"":""hole_3h""},{""x_px"":1345.6603579489827,""y_px"":2117.8330241838735,""semantic_role"":""hole_6h""},{""x_px"":1288.762937269295,""y_px"":2046.1248752737176,""semantic_role"":""hole_9h""},{""x_px"":1383.3878340874828,""y_px"":2099.347184490457,""semantic_role"":null},{""x_px"":1305.7733558203774,""y_px"":2095.864710783011,""semantic_role"":null},{""x_px"":1306.2644194644106,""y_px"":1997.5643296452163,""semantic_role"":null},{""x_px"":1383.878897731516,""y_px"":2001.0468033526624,""semantic_role"":null}]","[0.10777647252495083,0.6069229408764385,0.07643238550566102,0.5752777921182086,0.5307767064183964,0.42956081273186364,0.5597026171475278,0.3892232315518211]",1.0335520527964754,1.7710678288635258,"[{""pair_index"":1,""first_point_index"":1,""second_point_index"":3,""midpoint_x_px"":1343.6446611702208,""midpoint_y_px"":2048.5873560475566,""dx_px"":0.5919110954041571,""dy_px"":-0.25019784443156823,""distance_px"":0.6426178539542395,""severity"":""normal""},{""pair_index"":2,""first_point_index"":4,""second_point_index"":6,""midpoint_x_px"":1344.8261267759467,""midpoint_y_px"":2048.4557570678367,""dx_px"":-0.5895545103217046,""dy_px"":-0.11859886471165737,""distance_px"":0.6013652894469043,""severity"":""normal""},{""pair_index"":3,""first_point_index"":2,""second_point_index"":0,""midpoint_x_px"":1346.0075923816726,""midpoint_y_px"":2048.3241580881167,""dx_px"":-1.7710201160475663,""dy_px"":0.013000115008253488,""distance_px"":1.7710678288635258,""severity"":""warning""},{""pair_index"":4,""first_point_index"":5,""second_point_index"":7,""midpoint_x_px"":1344.8261267759467,""midpoint_y_px"":2048.4557570678367,""dx_px"":-0.5895545103217046,""dy_px"":-0.11859886471165737,""distance_px"":0.6013652894469043,""severity"":""normal""}]",1344.236572265625,2048.337158203125,69.62056732177734,54.838138580322266,86.54618835449219,0.45383997997410486,0.6069229408764385,ambiguous,4.753275665050872,90,unreviewed,
2.7,210a956f-faa6-438e-af82-292efc361167,RIFLE_SRC_0257,BB1620A95AD0067152F0D4C7C69A780653D1738CEF7D6A973484F58E599D4BF1,B,khai,2026-09-22T06:55:26.600979+00:00,saigon_sniper_air_rifle_10m_decimal_v1,ground_truth_labeler_r1.3e.1e,4032,3024,"[{""x_px"":1436.846671565243,""y_px"":1982.44516886163,""semantic_role"":""12h""},{""x_px"":2005.5894348875079,""y_px"":2549.7617483753024,""semantic_role"":""3h""},{""x_px"":1440.030020694149,""y_px"":3119.422155053035,""semantic_role"":""6h""},{""x_px"":871.7134756180294,""y_px"":2552.107982011622,""semantic_role"":""9h""}]","[{""x_px"":1436.846671565243,""y_px"":1982.44516886163,""semantic_role"":""12h""},{""x_px"":2005.5894348875079,""y_px"":2549.7617483753024,""semantic_role"":""3h""},{""x_px"":1440.030020694149,""y_px"":3119.422155053035,""semantic_role"":""6h""},{""x_px"":871.7134756180294,""y_px"":2552.107982011622,""semantic_role"":""9h""},{""x_px"":1841.8652594445255,""y_px"":2951.2627412244206,""semantic_role"":null},{""x_px"":1040.0741893859504,""y_px"":2952.8408407095603,""semantic_role"":null},{""x_px"":1036.9232620392193,""y_px"":2149.2246001031176,""semantic_role"":null},{""x_px"":1838.7143320977943,""y_px"":2147.646500617978,""semantic_role"":null}]",1439.0225830078125,2550.589111328125,568.6115112304688,566.7051391601562,72.09562683105469,0.363335338115896,1438.4383507331731,2550.9353061526235,cardinal_diameter_intersection_v1,good,cardinal_diameter_intersection_v1,"[{""x_px"":1492.1742957908184,""y_px"":2457.489031996121,""semantic_role"":""hole_12h""},{""x_px"":1546.4242957908184,""y_px"":2515.614031996121,""semantic_role"":""hole_3h""},{""x_px"":1491.4242957908184,""y_px"":2575.489031996121,""semantic_role"":""hole_6h""},{""x_px"":1430.5492957908184,""y_px"":2513.489031996121,""semantic_role"":""hole_9h""}]","[{""x_px"":1530.845879882869,""y_px"":2557.9908830411377,""semantic_role"":null},{""x_px"":1448.9098816128778,""y_px"":2556.4882811311168,""semantic_role"":null},{""x_px"":1449.4402116987678,""y_px"":2473.049680951104,""semantic_role"":null},{""x_px"":1531.376209968759,""y_px"":2474.552282861125,""semantic_role"":null}]",1491.8112229152157,2514.612497757838,"[{""x_px"":1492.1742957908184,""y_px"":2457.489031996121,""semantic_role"":""hole_12h""},{""x_px"":1546.4242957908184,""y_px"":2515.614031996121,""semantic_role"":""hole_3h""},{""x_px"":1491.4242957908184,""y_px"":2575.489031996121,""semantic_role"":""hole_6h""},{""x_px"":1430.5492957908184,""y_px"":2513.489031996121,""semantic_role"":""hole_9h""},{""x_px"":1530.845879882869,""y_px"":2557.9908830411377,""semantic_role"":null},{""x_px"":1448.9098816128778,""y_px"":2556.4882811311168,""semantic_role"":null},{""x_px"":1449.4402116987678,""y_px"":2473.049680951104,""semantic_role"":null},{""x_px"":1531.376209968759,""y_px"":2474.552282861125,""semantic_role"":null}]","[0.45248050073533047,0.8533265402337356,0.482886446315929,0.8088442788869379,0.20670135797646358,0.9265404775425049,0.3250601618637952,0.9025305195699079]",1.6550361692718747,2.5419437974147496,"[{""pair_index"":1,""first_point_index"":1,""second_point_index"":3,""midpoint_x_px"":1488.4867957908184,""midpoint_y_px"":2514.551531996121,""dx_px"":0.8235069435565947,""dy_px"":1.421368394504043,""distance_px"":1.6426965023950484,""severity"":""warning""},{""pair_index"":2,""first_point_index"":4,""second_point_index"":6,""midpoint_x_px"":1490.1430457908184,""midpoint_y_px"":2515.520281996121,""dx_px"":-0.8327430564434053,""dy_px"":0.45261839450404295,""distance_px"":0.9477997726830926,""severity"":""normal""},{""pair_index"":3,""first_point_index"":2,""second_point_index"":0,""midpoint_x_px"":1491.7992957908184,""midpoint_y_px"":2516.489031996121,""dx_px"":-2.4889930564434053,""dy_px"":-0.516131605495957,""distance_px"":2.5419437974147496,""severity"":""strong_warning""},{""pair_index"":4,""first_point_index"":5,""second_point_index"":7,""midpoint_x_px"":1490.1430457908184,""midpoint_y_px"":2515.520281996121,""dx_px"":-0.8327430564434053,""dy_px"":0.45261839450404295,""distance_px"":0.9477997726830926,""severity"":""normal""}]",1489.310302734375,2515.972900390625,59.160953521728516,57.86429977416992,72.91606140136719,0.674698203906456,0.9265404775425049,good,2.591037121332355,99,unreviewed,
2.7,2a833fca-f2e5-49c7-9562-d50a32f06a52,RIFLE_SRC_0092,120E4B48D5EDB6B6A91FBDA294BD964240C95D79DDCBA38D312738FA97CAD7EA,B,khai,2026-09-22T07:13:50.761352+00:00,saigon_sniper_air_rifle_10m_decimal_v1,ground_truth_labeler_r1.3e.1e,3024,3024,"[{""x_px"":1478.4749582134118,""y_px"":1206.4329782678042,""semantic_role"":""12h""},{""x_px"":1998.4816796297146,""y_px"":1726.444533357157,""semantic_role"":""3h""},{""x_px"":1482.5790296871219,""y_px"":2240.619871158695,""semantic_role"":""6h""},{""x_px"":964.420628964023,""y_px"":1725.178916932597,""semantic_role"":""9h""}]","[{""x_px"":1478.4749582134118,""y_px"":1206.4329782678042,""semantic_role"":""12h""},{""x_px"":1998.4816796297146,""y_px"":1726.444533357157,""semantic_role"":""3h""},{""x_px"":1482.5790296871219,""y_px"":2240.619871158695,""semantic_role"":""6h""},{""x_px"":964.420628964023,""y_px"":1725.178916932597,""semantic_role"":""9h""},{""x_px"":1848.0358730516336,""y_px"":2090.7568203958544,""semantic_role"":null},{""x_px"":1116.844291965037,""y_px"":2089.8618944396667,""semantic_role"":null},{""x_px"":1113.9422751955021,""y_px"":1358.5813294622724,""semantic_role"":null},{""x_px"":1845.1338562820988,""y_px"":1359.4762554184597,""semantic_role"":null}]",1481.215576171875,1724.0982666015625,518.4081420898438,515.7205200195312,45.6314697265625,0.4345921033301219,1480.5360585011401,1725.8106051333762,cardinal_diameter_intersection_v1,good,cardinal_diameter_intersection_v1,"[{""x_px"":1456.492808681732,""y_px"":1683.118836249083,""semantic_role"":""hole_12h""},{""x_px"":1514.617808681732,""y_px"":1730.743836249083,""semantic_role"":""hole_3h""},{""x_px"":1470.492808681732,""y_px"":1785.618836249083,""semantic_role"":""hole_6h""},{""x_px"":1412.532427431732,""y_px"":1736.404185467833,""semantic_role"":""hole_9h""}]","[{""x_px"":1504.5763435084823,""y_px"":1768.2094104313499,""semantic_role"":null},{""x_px"":1432.3910781665934,""y_px"":1772.211881747812,""semantic_role"":null},{""x_px"":1422.4915832299816,""y_px"":1699.7334366761909,""semantic_role"":null},{""x_px"":1494.6768485718706,""y_px"":1695.7309653597288,""semantic_role"":null}]",1463.3856818180736,1733.584514568709,"[{""x_px"":1456.492808681732,""y_px"":1683.118836249083,""semantic_role"":""hole_12h""},{""x_px"":1514.617808681732,""y_px"":1730.743836249083,""semantic_role"":""hole_3h""},{""x_px"":1470.492808681732,""y_px"":1785.618836249083,""semantic_role"":""hole_6h""},{""x_px"":1412.532427431732,""y_px"":1736.404185467833,""semantic_role"":""hole_9h""},{""x_px"":1504.5763435084823,""y_px"":1768.2094104313499,""semantic_role"":null},{""x_px"":1432.3910781665934,""y_px"":1772.211881747812,""semantic_role"":null},{""x_px"":1422.4915832299816,""y_px"":1699.7334366761909,""semantic_role"":null},{""x_px"":1494.6768485718706,""y_px"":1695.7309653597288,""semantic_role"":null}]","[0.19971473011707622,0.04885710379093597,0.19600833461049535,0.046117166149912535,0.18079597347611234,0.10347661340049305,0.17846667200124802,0.09880506884155293]",0.35034438155348246,0.5918221028778691,"[{""pair_index"":1,""first_point_index"":1,""second_point_index"":3,""midpoint_x_px"":1463.575118056732,""midpoint_y_px"":1733.574010858458,""dx_px"":0.03291416983051931,""dy_px"":0.5909061337295043,""distance_px"":0.5918221028778691,""severity"":""normal""},{""pair_index"":2,""first_point_index"":4,""second_point_index"":6,""midpoint_x_px"":1463.533963369232,""midpoint_y_px"":1733.9714235537704,""dx_px"":0.07406885733053059,""dy_px"":0.19349343841713562,""distance_px"":0.20718568081973318,""severity"":""normal""},{""pair_index"":3,""first_point_index"":2,""second_point_index"":0,""midpoint_x_px"":1463.492808681732,""midpoint_y_px"":1734.368836249083,""dx_px"":0.11522354483054187,""dy_px"":-0.20391925689546042,""distance_px"":0.2342211105261707,""severity"":""normal""},{""pair_index"":4,""first_point_index"":5,""second_point_index"":7,""midpoint_x_px"":1463.533963369232,""midpoint_y_px"":1733.9714235537704,""dx_px"":0.07406885733053059,""dy_px"":0.19349343841713562,""distance_px"":0.20718568081973318,""severity"":""normal""}]",1463.6080322265625,1734.1649169921875,53.47074890136719,49.297088623046875,43.68022155761719,0.1448388925914966,0.19971473011707622,usable,0.8301469036476177,106,unreviewed,
2.7,c11877bd-9234-47f2-8ced-2eec0a26b1cf,RIFLE_SRC_0312,13871F53EE77964CBFCBD5DAD8F44EA4B33A5223C0984B72F9EC3478DE9364DE,B,khai,2026-09-22T07:19:18.286910+00:00,saigon_sniper_air_rifle_10m_decimal_v1,ground_truth_labeler_r1.3e.1e,4032,3024,"[{""x_px"":1490.3561257426588,""y_px"":1934.052100888939,""semantic_role"":""12h""},{""x_px"":2069.0653755066483,""y_px"":2499.4822070954333,""semantic_role"":""3h""},{""x_px"":1504.4433634343684,""y_px"":3083.2488293670704,""semantic_role"":""6h""},{""x_px"":921.9025978655991,""y_px"":2516.913319916371,""semantic_role"":""9h""}]","[{""x_px"":1490.3561257426588,""y_px"":1934.052100888939,""semantic_role"":""12h""},{""x_px"":2069.0653755066483,""y_px"":2499.4822070954333,""semantic_role"":""3h""},{""x_px"":1504.4433634343684,""y_px"":3083.2488293670704,""semantic_role"":""6h""},{""x_px"":921.9025978655991,""y_px"":2516.913319916371,""semantic_role"":""9h""},{""x_px"":1906.9797696864525,""y_px"":2908.9246622239484,""semantic_role"":null},{""x_px"":1095.990567068428,""y_px"":2918.785414246558,""semantic_role"":null},{""x_px"":1086.0293857684333,""y_px"":2106.1806146222757,""semantic_role"":null},{""x_px"":1897.0185883864578,""y_px"":2096.319862599666,""semantic_role"":null}]",1495.9969482421875,2508.114013671875,574.607666015625,573.6104125976562,87.65240478515625,0.5359943577897176,1497.3938394817314,2508.1687433352686,cardinal_diameter_intersection_v1,ambiguous,cardinal_diameter_intersection_v1,"[{""x_px"":1527.477441381734,""y_px"":2297.5152497958798,""semantic_role"":""hole_12h""},{""x_px"":1587.6753154872033,""y_px"":2357.8791644169733,""semantic_role"":""hole_3h""},{""x_px"":1527.4805827137657,""y_px"":2417.6735452763487,""semantic_role"":""hole_6h""},{""x_px"":1475.1753154872033,""y_px"":2357.8791644169733,""semantic_role"":""hole_9h""}]","[{""x_px"":1569.2280308378104,""y_px"":2400.219153751572,""semantic_role"":null},{""x_px"":1489.6785179543238,""y_px"":2400.219153751572,""semantic_role"":null},{""x_px"":1489.6762966971423,""y_px"":2315.2544082015156,""semantic_role"":null},{""x_px"":1569.225809580629,""y_px"":2315.2544082015156,""semantic_role"":null}]",1527.4790194924874,2357.8791644169764,"[{""x_px"":1527.477441381734,""y_px"":2297.5152497958798,""semantic_role"":""hole_12h""},{""x_px"":1587.6753154872033,""y_px"":2357.8791644169733,""semantic_role"":""hole_3h""},{""x_px"":1527.4805827137657,""y_px"":2417.6735452763487,""semantic_role"":""hole_6h""},{""x_px"":1475.1753154872033,""y_px"":2357.8791644169733,""semantic_role"":""hole_9h""},{""x_px"":1569.2280308378104,""y_px"":2400.219153751572,""semantic_role"":null},{""x_px"":1489.6785179543238,""y_px"":2400.219153751572,""semantic_role"":null},{""x_px"":1489.6762966971423,""y_px"":2315.2544082015156,""semantic_role"":null},{""x_px"":1569.225809580629,""y_px"":2315.2544082015156,""semantic_role"":null}]","[0.10738217802101509,0.9446127889726261,0.03409873155396363,1.0309299702415722,0.7175062429948394,0.7326013779031398,0.6268958054910138,0.8063077469545232]",1.712521595684646,2.959348780407546,"[{""pair_index"":1,""first_point_index"":1,""second_point_index"":3,""midpoint_x_px"":1531.4253154872033,""midpoint_y_px"":2357.8791644169733,""dx_px"":-0.9878154872033065,""dy_px"":-0.21339293259825354,""distance_px"":1.0106017912321295,""severity"":""warning""},{""pair_index"":2,""first_point_index"":4,""second_point_index"":6,""midpoint_x_px"":1529.4521637674763,""midpoint_y_px"":2357.7367809765437,""dx_px"":0.9853362325236503,""dy_px"":-0.07100949216874142,""distance_px"":0.9878916130335168,""severity"":""normal""},{""pair_index"":3,""first_point_index"":2,""second_point_index"":0,""midpoint_x_px"":1527.4790120477498,""midpoint_y_px"":2357.5943975361142,""dx_px"":2.9584879522501524,""dy_px"":0.0713739482607707,""distance_px"":2.959348780407546,""severity"":""strong_warning""},{""pair_index"":4,""first_point_index"":5,""second_point_index"":7,""midpoint_x_px"":1529.4521637674763,""midpoint_y_px"":2357.7367809765437,""dx_px"":0.9853362325236503,""dy_px"":-0.07100949216874142,""distance_px"":0.9878916130335168,""severity"":""normal""}]",1530.4375,2357.665771484375,60.12554931640625,56.29350662231445,89.915771484375,0.7126056151254276,1.0309299702415722,ambiguous,6.068940337199618,85,unreviewed,
2.7,61097bad-387d-4d21-8bec-763bad096a4d,RIFLE_SRC_0229,F6B759927F2EE23FCF6427791FDCB8A98B4C1C2FB11EE11241CFB040897EE238,B,khai,2026-09-22T07:22:25.799179+00:00,saigon_sniper_air_rifle_10m_decimal_v1,ground_truth_labeler_r1.3e.1e,3024,3024,"[{""x_px"":1411.1027290320585,""y_px"":1175.545416805032,""semantic_role"":""12h""},{""x_px"":1929.582006229541,""y_px"":1690.5119896306433,""semantic_role"":""3h""},{""x_px"":1417.959707198599,""y_px"":2207.042286401474,""semantic_role"":""6h""},{""x_px"":900.4446170004765,""y_px"":1693.428493452633,""semantic_role"":""9h""}]","[{""x_px"":1411.1027290320585,""y_px"":1175.545416805032,""semantic_role"":""12h""},{""x_px"":1929.582006229541,""y_px"":1690.5119896306433,""semantic_role"":""3h""},{""x_px"":1417.959707198599,""y_px"":2207.042286401474,""semantic_role"":""6h""},{""x_px"":900.4446170004765,""y_px"":1693.428493452633,""semantic_role"":""9h""},{""x_px"":1781.0515860934188,""y_px"":2055.2901223896733,""semantic_role"":null},{""x_px"":1053.3415593969278,""y_px"":2057.3524020195587,""semantic_role"":null},{""x_px"":1048.4929436369189,""y_px"":1327.9739707552183,""semantic_role"":null},{""x_px"":1776.20297033341,""y_px"":1325.911691125333,""semantic_role"":null}]",1414.8905029296875,1691.4622802734375,516.3129272460938,514.0161743164062,60.31785583496094,0.14641004467667754,1414.5357234820096,1691.9715949932083,cardinal_diameter_intersection_v1,good,cardinal_diameter_intersection_v1,"[{""x_px"":928.3457846365543,""y_px"":1444.3572124386596,""semantic_role"":""hole_12h""},{""x_px"":981.4415478787417,""y_px"":1495.5578789620968,""semantic_role"":""hole_3h""},{""x_px"":933.6069868240542,""y_px"":1547.52881884491,""semantic_role"":""hole_6h""},{""x_px"":882.6656728787419,""y_px"":1497.4697695870968,""semantic_role"":""hole_9h""}]","[{""x_px"":968.2976594415777,""y_px"":1532.0291358031632,""semantic_role"":null},{""x_px"":898.452568411443,""y_px"":1533.3810466289876,""semantic_role"":null},{""x_px"":894.7323366674684,""y_px"":1460.4277041132186,""semantic_role"":null},{""x_px"":964.5774276976031,""y_px"":1459.0757932873942,""semantic_role"":null}]",931.006527447065,1496.534091450572,"[{""x_px"":928.3457846365543,""y_px"":1444.3572124386596,""semantic_role"":""hole_12h""},{""x_px"":981.4415478787417,""y_px"":1495.5578789620968,""semantic_role"":""hole_3h""},{""x_px"":933.6069868240542,""y_px"":1547.52881884491,""semantic_role"":""hole_6h""},{""x_px"":882.6656728787419,""y_px"":1497.4697695870968,""semantic_role"":""hole_9h""},{""x_px"":968.2976594415777,""y_px"":1532.0291358031632,""semantic_role"":null},{""x_px"":898.452568411443,""y_px"":1533.3810466289876,""semantic_role"":null},{""x_px"":894.7323366674684,""y_px"":1460.4277041132186,""semantic_role"":null},{""x_px"":964.5774276976031,""y_px"":1459.0757932873942,""semantic_role"":null}]","[0.1498378107646665,0.25924487301771937,0.14604235892289916,0.2644187990220426,0.09535966243979359,0.2855510065519293,0.08148351766861625,0.2884762281012895]",0.5231717527392792,0.8038033452741905,"[{""pair_index"":1,""first_point_index"":1,""second_point_index"":3,""midpoint_x_px"":932.0536103787418,""midpoint_y_px"":1496.5138242745968,""dx_px"":-0.28444533967933694,""dy_px"":-0.4381406808468,""distance_px"":0.5223757340058885,""severity"":""normal""},{""pair_index"":2,""first_point_index"":4,""second_point_index"":6,""midpoint_x_px"":931.5149980545231,""midpoint_y_px"":1496.228419958191,""dx_px"":0.2541669845394381,""dy_px"":-0.1527363644408979,""distance_px"":0.29652867155216833,""severity"":""normal""},{""pair_index"":3,""first_point_index"":2,""second_point_index"":0,""midpoint_x_px"":930.9763857303042,""midpoint_y_px"":1495.9430156417848,""dx_px"":0.7927793087583268,""dy_px"":0.13266795196523162,""distance_px"":0.8038033452741905,""severity"":""normal""},{""pair_index"":4,""first_point_index"":5,""second_point_index"":7,""midpoint_x_px"":931.5149980545231,""midpoint_y_px"":1496.228419958191,""dx_px"":0.2541669845394381,""dy_px"":-0.1527363644408979,""distance_px"":0.29652867155216833,""severity"":""normal""}]",931.7691650390625,1496.07568359375,51.906829833984375,49.139869689941406,70.27859497070312,0.2125429033134828,0.2884762281012895,good,23.01950696893435,17,unreviewed,
2.7,d2b9fa89-2091-4b12-a44c-c88e660fa99a,RIFLE_SRC_0202,91CC6E17E5BAC9FF5B6C0B20E2373C95ED8E68D4158753C25F1C116FF3A73E79,B,khai,2026-09-22T07:25:54.684944+00:00,saigon_sniper_air_rifle_10m_decimal_v1,ground_truth_labeler_r1.3e.1e,3024,3024,"[{""x_px"":1569.6824474599828,""y_px"":1201.5076265491834,""semantic_role"":""12h""},{""x_px"":2087.5364098526957,""y_px"":1717.484584061139,""semantic_role"":""3h""},{""x_px"":1572.3556599938001,""y_px"":2233.5953353692103,""semantic_role"":""6h""},{""x_px"":1057.5694242195045,""y_px"":1719.203377337715,""semantic_role"":""9h""}]","[{""x_px"":1569.6824474599828,""y_px"":1201.5076265491834,""semantic_role"":""12h""},{""x_px"":2087.5364098526957,""y_px"":1717.484584061139,""semantic_role"":""3h""},{""x_px"":1572.3556599938001,""y_px"":2233.5953353692103,""semantic_role"":""6h""},{""x_px"":1057.5694242195045,""y_px"":1719.203377337715,""semantic_role"":""9h""},{""x_px"":1937.993569210901,""y_px"":2081.597273689414,""semantic_role"":null},{""x_px"":1209.6451698474739,""y_px"":2083.5342877531407,""semantic_role"":null},{""x_px"":1206.5013857668375,""y_px"":1353.767264937223,""semantic_role"":null},{""x_px"":1934.8497851302645,""y_px"":1351.8302508734964,""semantic_role"":null}]",1572.39892578125,1717.615966796875,516.2019653320312,514.839111328125,70.49290466308594,0.11699127679318184,1571.0211130030787,1718.3465369507533,cardinal_diameter_intersection_v1,good,cardinal_diameter_intersection_v1,"[{""x_px"":1303.5271718506012,""y_px"":1828.3131222286536,""semantic_role"":""hole_12h""},{""x_px"":1352.7695745232572,""y_px"":1880.276818283439,""semantic_role"":""hole_3h""},{""x_px"":1307.5406193720855,""y_px"":1934.7324512677164,""semantic_role"":""hole_6h""},{""x_px"":1255.5083139423978,""y_px"":1879.5174403302165,""semantic_role"":""hole_9h""}]","[{""x_px"":1340.6424363530132,""y_px"":1918.603353284032,""semantic_role"":null},{""x_px"":1271.8683394495356,""y_px"":1918.0663919838248,""semantic_role"":null},{""x_px"":1269.0304034911578,""y_px"":1842.816562770981,""semantic_role"":null},{""x_px"":1337.8045003946354,""y_px"":1843.353524071188,""semantic_role"":null}]",1305.4729791563404,1879.9075449307213,"[{""x_px"":1303.5271718506012,""y_px"":1828.3131222286536,""semantic_role"":""hole_12h""},{""x_px"":1352.7695745232572,""y_px"":1880.276818283439,""semantic_role"":""hole_3h""},{""x_px"":1307.5406193720855,""y_px"":1934.7324512677164,""semantic_role"":""hole_6h""},{""x_px"":1255.5083139423978,""y_px"":1879.5174403302165,""semantic_role"":""hole_9h""},{""x_px"":1340.6424363530132,""y_px"":1918.603353284032,""semantic_role"":null},{""x_px"":1271.8683394495356,""y_px"":1918.0663919838248,""semantic_role"":null},{""x_px"":1269.0304034911578,""y_px"":1842.816562770981,""semantic_role"":null},{""x_px"":1337.8045003946354,""y_px"":1843.353524071188,""semantic_role"":null}]","[0.4061810101434724,0.3330214330081977,0.4015464011876924,0.3335586985547982,0.04869270482788024,0.5111523894699117,0.005173348544678255,0.5059294197785846]",0.9140041519620639,1.2716543167465857,"[{""pair_index"":1,""first_point_index"":1,""second_point_index"":3,""midpoint_x_px"":1304.1389442328275,""midpoint_y_px"":1879.8971293068278,""dx_px"":0.3794883843600019,""dy_px"":1.2137105369222354,""distance_px"":1.2716543167465857,""severity"":""warning""},{""pair_index"":2,""first_point_index"":4,""second_point_index"":6,""midpoint_x_px"":1304.8364199220855,""midpoint_y_px"":1880.7099580275064,""dx_px"":-0.3179873048979971,""dy_px"":0.40088181624355457,""distance_px"":0.5116856033454751,""severity"":""normal""},{""pair_index"":3,""first_point_index"":2,""second_point_index"":0,""midpoint_x_px"":1305.5338956113433,""midpoint_y_px"":1881.522786748185,""dx_px"":-1.0154629941557687,""dy_px"":-0.4119469044348989,""distance_px"":1.0958400177823835,""severity"":""warning""},{""pair_index"":4,""first_point_index"":5,""second_point_index"":7,""midpoint_x_px"":1304.8364199220855,""midpoint_y_px"":1880.7099580275064,""dx_px"":-0.3179873048979971,""dy_px"":0.40088181624355457,""distance_px"":0.5116856033454751,""severity"":""normal""}]",1304.5184326171875,1881.11083984375,53.52744674682617,48.352962493896484,75.67417907714844,0.365381015453266,0.5111523894699117,usable,13.733790175297358,55,unreviewed,
2.7,5ddf8dfe-cd3c-4806-b0ae-8af0e252bf6a,RIFLE_SRC_0119,75A17CA48215DE7260ACE989E3BB591A5E9CEE29C9417E09D6431848AC3DDFE6,B,khai,2026-09-22T07:30:04.520973+00:00,saigon_sniper_air_rifle_10m_decimal_v1,ground_truth_labeler_r1.3e.1e,3024,3024,"[{""x_px"":1511.3669586445808,""y_px"":1220.1017917272227,""semantic_role"":""12h""},{""x_px"":2032.439728667834,""y_px"":1733.006786418551,""semantic_role"":""3h""},{""x_px"":1523.1257520669747,""y_px"":2250.452695748543,""semantic_role"":""6h""},{""x_px"":1007.4604611844619,""y_px"":1738.4895614207512,""semantic_role"":""9h""}]","[{""x_px"":1511.3669586445808,""y_px"":1220.1017917272227,""semantic_role"":""12h""},{""x_px"":2032.439728667834,""y_px"":1733.006786418551,""semantic_role"":""3h""},{""x_px"":1523.1257520669747,""y_px"":2250.452695748543,""semantic_role"":""6h""},{""x_px"":1007.4604611844619,""y_px"":1738.4895614207512,""semantic_role"":""9h""},{""x_px"":1884.987349592672,""y_px"":2097.8775699965236,""semantic_role"":null},{""x_px"":1160.2175589795593,""y_px"":2101.7544773802992,""semantic_role"":null},{""x_px"":1152.9484880610378,""y_px"":1373.0548558142393,""semantic_role"":null},{""x_px"":1877.7182786741505,""y_px"":1369.1779484304634,""semantic_role"":null}]",1519.45654296875,1735.3629150390625,515.6771850585938,512.070556640625,68.93197631835938,0.3543617120464319,1517.2518945235638,1735.7626070171661,cardinal_diameter_intersection_v1,good,cardinal_diameter_intersection_v1,"[{""x_px"":1435.4774860195857,""y_px"":1785.3991263807166,""semantic_role"":""hole_12h""},{""x_px"":1487.6856171211482,""y_px"":1840.3597312264199,""semantic_role"":""hole_3h""},{""x_px"":1438.4776019258354,""y_px"":1890.438219702982,""semantic_role"":""hole_6h""},{""x_px"":1386.3916066133354,""y_px"":1837.5004001717318,""semantic_role"":""hole_9h""}]","[{""x_px"":1473.8816199326313,""y_px"":1876.5722231486063,""semantic_role"":null},{""x_px"":1402.2559382089755,""y_px"":1874.5503707701791,""semantic_role"":null},{""x_px"":1400.134535907321,""y_px"":1800.2765155923187,""semantic_role"":null},{""x_px"":1471.7602176309767,""y_px"":1802.2983679707459,""semantic_role"":null}]",1437.0064053005513,1838.9291565709245,"[{""x_px"":1435.4774860195857,""y_px"":1785.3991263807166,""semantic_role"":""hole_12h""},{""x_px"":1487.6856171211482,""y_px"":1840.3597312264199,""semantic_role"":""hole_3h""},{""x_px"":1438.4776019258354,""y_px"":1890.438219702982,""semantic_role"":""hole_6h""},{""x_px"":1386.3916066133354,""y_px"":1837.5004001717318,""semantic_role"":""hole_9h""},{""x_px"":1473.8816199326313,""y_px"":1876.5722231486063,""semantic_role"":null},{""x_px"":1402.2559382089755,""y_px"":1874.5503707701791,""semantic_role"":null},{""x_px"":1400.134535907321,""y_px"":1800.2765155923187,""semantic_role"":null},{""x_px"":1471.7602176309767,""y_px"":1802.2983679707459,""semantic_role"":null}]","[0.24972370192213605,0.010368460824709373,0.25576634738754545,0.0057422421153272,0.17157906908977968,0.17364013680028045,0.17737225971257145,0.17858402101206136]",0.43820431476760835,0.7586502353131975,"[{""pair_index"":1,""first_point_index"":1,""second_point_index"":3,""midpoint_x_px"":1437.0386118672418,""midpoint_y_px"":1838.9300656990758,""dx_px"":-0.02970073442929788,""dy_px"":-0.7580686287633398,""distance_px"":0.7586502353131975,""severity"":""normal""},{""pair_index"":2,""first_point_index"":4,""second_point_index"":6,""midpoint_x_px"":1437.0080779199761,""midpoint_y_px"":1838.4243693704625,""dx_px"":0.0008332128363690572,""dy_px"":-0.25237230015000023,""distance_px"":0.2523736755817304,""severity"":""normal""},{""pair_index"":3,""first_point_index"":2,""second_point_index"":0,""midpoint_x_px"":1436.9775439727105,""midpoint_y_px"":1837.9186730418492,""dx_px"":0.031367160102035996,""dy_px"":0.25332402846333935,""distance_px"":0.2552586181302436,""severity"":""normal""},{""pair_index"":4,""first_point_index"":5,""second_point_index"":7,""midpoint_x_px"":1437.0080779199761,""midpoint_y_px"":1838.4243693704625,""dx_px"":0.0008332128363690572,""dy_px"":-0.25237230015000023,""distance_px"":0.2523736755817304,""severity"":""normal""}]",1437.0089111328125,1838.1719970703125,53.32502365112305,49.84756088256836,61.27117919921875,0.17708129320179572,0.25576634738754545,ambiguous,5.795922307538727,86,unreviewed,
2.7,e081004c-2710-4583-a492-062aa977dbb8,RIFLE_SRC_0504,7B9725611A2EEF81CC166CB2CBCCDE6D7ECAEECDB3341E317778F7A9279A9650,B,khai,2026-09-22T07:32:04.877158+00:00,saigon_sniper_air_rifle_10m_decimal_v1,ground_truth_labeler_r1.3e.1e,4032,3024,"[{""x_px"":1488.8685870478116,""y_px"":1796.1216139912906,""semantic_role"":""12h""},{""x_px"":1998.1096219708777,""y_px"":2312.3102368176887,""semantic_role"":""3h""},{""x_px"":1483.004349953244,""y_px"":2823.116585045674,""semantic_role"":""6h""},{""x_px"":972.4544766327369,""y_px"":2305.383988222651,""semantic_role"":""9h""}]","[{""x_px"":1488.8685870478116,""y_px"":1796.1216139912906,""semantic_role"":""12h""},{""x_px"":1998.1096219708777,""y_px"":2312.3102368176887,""semantic_role"":""3h""},{""x_px"":1483.004349953244,""y_px"":2823.116585045674,""semantic_role"":""6h""},{""x_px"":972.4544766327369,""y_px"":2305.383988222651,""semantic_role"":""9h""},{""x_px"":1846.159792206877,""y_px"":2674.779458832712,""semantic_role"":null},{""x_px"":1120.9120837794037,""y_px"":2669.881861482977,""semantic_role"":null},{""x_px"":1125.058725595458,""y_px"":1943.6867532059402,""semantic_role"":null},{""x_px"":1850.3064340229314,""y_px"":1948.584350555675,""semantic_role"":null}]",1485.4434814453125,2309.423828125,513.6004638671875,512.7451782226562,70.96453857421875,0.17875835166790446,1485.9408512147368,2308.851561409102,cardinal_diameter_intersection_v1,good,cardinal_diameter_intersection_v1,"[{""x_px"":1550.841415235859,""y_px"":2187.402481633053,""semantic_role"":""hole_12h""},{""x_px"":1599.4454597671086,""y_px"":2240.3706824143032,""semantic_role"":""hole_3h""},{""x_px"":1553.199442579608,""y_px"":2292.921264562741,""semantic_role"":""hole_6h""},{""x_px"":1498.6290370327333,""y_px"":2238.861548976803,""semantic_role"":""hole_9h""}]","[{""x_px"":1587.0065153015446,""y_px"":2277.729077116478,""semantic_role"":null},{""x_px"":1515.7185391310982,""y_px"":2276.6619586291063,""semantic_role"":null},{""x_px"":1514.05116200611,""y_px"":2202.0489116769722,""semantic_role"":null},{""x_px"":1585.3391381765564,""y_px"":2203.116030164344,""semantic_role"":null}]",1552.0092270427451,2239.6606036095636,"[{""x_px"":1550.841415235859,""y_px"":2187.402481633053,""semantic_role"":""hole_12h""},{""x_px"":1599.4454597671086,""y_px"":2240.3706824143032,""semantic_role"":""hole_3h""},{""x_px"":1553.199442579608,""y_px"":2292.921264562741,""semantic_role"":""hole_6h""},{""x_px"":1498.6290370327333,""y_px"":2238.861548976803,""semantic_role"":""hole_9h""},{""x_px"":1587.0065153015446,""y_px"":2277.729077116478,""semantic_role"":null},{""x_px"":1515.7185391310982,""y_px"":2276.6619586291063,""semantic_role"":null},{""x_px"":1514.05116200611,""y_px"":2202.0489116769722,""semantic_role"":null},{""x_px"":1585.3391381765564,""y_px"":2203.116030164344,""semantic_role"":null}]","[0.1024066212593811,0.7702608522851163,0.14732933429884923,0.716975230790849,0.4261967950869064,0.6315303673353181,0.4922022658195026,0.5927246179141799]",1.3074941623524456,2.2367766045128543,"[{""pair_index"":1,""first_point_index"":1,""second_point_index"":3,""midpoint_x_px"":1549.0372483999208,""midpoint_y_px"":2239.616115695553,""dx_px"":0.7520582407041729,""dy_px"":0.38681399194683763,""distance_px"":0.8457048313548314,""severity"":""normal""},{""pair_index"":2,""first_point_index"":4,""second_point_index"":6,""midpoint_x_px"":1550.5288386538273,""midpoint_y_px"":2239.888994396725,""dx_px"":-0.7395320132022789,""dy_px"":0.11393529077486164,""distance_px"":0.748257207806893,""severity"":""normal""},{""pair_index"":3,""first_point_index"":2,""second_point_index"":0,""midpoint_x_px"":1552.0204289077335,""midpoint_y_px"":2240.161873097897,""dx_px"":-2.2311222671085034,""dy_px"":-0.15894341039711435,""distance_px"":2.2367766045128543,""severity"":""warning""},{""pair_index"":4,""first_point_index"":5,""second_point_index"":7,""midpoint_x_px"":1550.5288386538273,""midpoint_y_px"":2239.888994396725,""dx_px"":-0.7395320132022789,""dy_px"":0.11393529077486164,""distance_px"":0.748257207806893,""severity"":""normal""}]",1549.789306640625,2240.0029296875,53.14049530029297,50.08564376831055,70.05950927734375,0.5377741355719988,0.7702608522851163,good,4.243222761898364,93,unreviewed,
2.7,5cb51197-a4d0-4dc6-9ef9-c1d49fb9d6f7,RIFLE_SRC_0587,81464587A0CFCA5B8CAC981AE863A28D1F7C15E92BD2D6D54A2BE5FE097BC75A,B,khai,2026-09-22T07:35:14.993665+00:00,saigon_sniper_air_rifle_10m_decimal_v1,ground_truth_labeler_r1.3e.1e,4032,3024,"[{""x_px"":1447.5524135023186,""y_px"":1361.2581377200838,""semantic_role"":""12h""},{""x_px"":1957.0669691629885,""y_px"":2024.0578673886625,""semantic_role"":""3h""},{""x_px"":1460.6916610128653,""y_px"":2733.506465586489,""semantic_role"":""6h""},{""x_px"":920.0500348609348,""y_px"":2077.157608345231,""semantic_role"":""9h""}]","[{""x_px"":1447.5524135023186,""y_px"":1361.2581377200838,""semantic_role"":""12h""},{""x_px"":1957.0669691629885,""y_px"":2024.0578673886625,""semantic_role"":""3h""},{""x_px"":1460.6916610128653,""y_px"":2733.506465586489,""semantic_role"":""6h""},{""x_px"":920.0500348609348,""y_px"":2077.157608345231,""semantic_role"":""9h""},{""x_px"":1821.9956946268983,""y_px"":2514.7425958690515,""semantic_role"":null},{""x_px"":1088.7139881766316,""y_px"":2552.28978277869,""semantic_role"":null},{""x_px"":1079.3582431588422,""y_px"":1582.8254255041425,""semantic_role"":null},{""x_px"":1812.639949609109,""y_px"":1545.2782385945038,""semantic_role"":null}]",1444.607177734375,2048.481201171875,686.798828125,518.2647705078125,92.61332178115845,4.6932571768130815,1454.1452788505208,2049.8096276480114,cardinal_diameter_intersection_v1,ambiguous,cardinal_diameter_intersection_v1,"[{""x_px"":1347.3818782140297,""y_px"":1979.6463664297592,""semantic_role"":""hole_12h""},{""x_px"":1398.69312821403,""y_px"":2049.5401054922595,""semantic_role"":""hole_3h""},{""x_px"":1344.5043859093428,""y_px"":2117.3223501406974,""semantic_role"":""hole_6h""},{""x_px"":1289.2483389001534,""y_px"":2046.3963424115814,""semantic_role"":""hole_9h""}]","[{""x_px"":1382.6341619933485,""y_px"":2098.013590059237,""semantic_role"":null},{""x_px"":1305.2450093039733,""y_px"":2095.7906138664453,""semantic_role"":null},{""x_px"":1307.2797036254294,""y_px"":1998.4389921779123,""semantic_role"":null},{""x_px"":1384.6688563148045,""y_px"":2000.6619683707036,""semantic_role"":null}]",1345.9527296018205,2048.025156091225,"[{""x_px"":1347.3818782140297,""y_px"":1979.6463664297592,""semantic_role"":""hole_12h""},{""x_px"":1398.69312821403,""y_px"":2049.5401054922595,""semantic_role"":""hole_3h""},{""x_px"":1344.5043859093428,""y_px"":2117.3223501406974,""semantic_role"":""hole_6h""},{""x_px"":1289.2483389001534,""y_px"":2046.3963424115814,""semantic_role"":""hole_9h""},{""x_px"":1382.6341619933485,""y_px"":2098.013590059237,""semantic_role"":null},{""x_px"":1305.2450093039733,""y_px"":2095.7906138664453,""semantic_role"":null},{""x_px"":1307.2797036254294,""y_px"":1998.4389921779123,""semantic_role"":null},{""x_px"":1384.6688563148045,""y_px"":2000.6619683707036,""semantic_role"":null}]","[0.10388599412872203,0.5067755240308491,0.1256040188521855,0.48493746697434686,0.31032690953650915,0.4785773960342941,0.34193632241266775,0.4604704079058344]",0.8816900371578236,1.4922595062175603,"[{""pair_index"":1,""first_point_index"":1,""second_point_index"":3,""midpoint_x_px"":1343.9707335570915,""midpoint_y_px"":2047.9682239519204,""dx_px"":0.48849495853346525,""dy_px"":0.35843620432956413,""distance_px"":0.6058909448793545,""severity"":""normal""},{""pair_index"":2,""first_point_index"":4,""second_point_index"":6,""midpoint_x_px"":1344.956932809389,""midpoint_y_px"":2048.2262911185744,""dx_px"":-0.4977042937639453,""dy_px"":0.10036903767559124,""distance_px"":0.5077238498977489,""severity"":""normal""},{""pair_index"":3,""first_point_index"":2,""second_point_index"":0,""midpoint_x_px"":1345.9431320616864,""midpoint_y_px"":2048.484358285228,""dx_px"":-1.4839035460613559,""dy_px"":-0.15769812897815427,""distance_px"":1.4922595062175603,""severity"":""warning""},{""pair_index"":4,""first_point_index"":5,""second_point_index"":7,""midpoint_x_px"":1344.956932809389,""midpoint_y_px"":2048.2262911185744,""dx_px"":-0.4977042937639453,""dy_px"":0.10036903767559124,""distance_px"":0.5077238498977489,""severity"":""normal""}]",1344.459228515625,2048.32666015625,68.871337890625,54.751930236816406,90.41257059574127,0.3828914676314429,0.5067755240308491,ambiguous,4.749051298967476,91,unreviewed,
2.7,3057e237-7687-49c0-b0f7-694a81aac116,RIFLE_SRC_0394,72F3EB21655910617E10F44FA36F8C7BD71148EF0F39C415633E2C40A7BCD41C,B,khai,2026-09-22T07:37:44.268573+00:00,saigon_sniper_air_rifle_10m_decimal_v1,ground_truth_labeler_r1.3e.1e,4032,3024,"[{""x_px"":1531.509588851587,""y_px"":1496.4097420240723,""semantic_role"":""12h""},{""x_px"":1907.6726977828766,""y_px"":1887.4482940144765,""semantic_role"":""3h""},{""x_px"":1519.6091937118142,""y_px"":2263.328318543905,""semantic_role"":""6h""},{""x_px"":1141.4869203650449,""y_px"":1877.1873936627926,""semantic_role"":""9h""}]","[{""x_px"":1531.509588851587,""y_px"":1496.4097420240723,""semantic_role"":""12h""},{""x_px"":1907.6726977828766,""y_px"":1887.4482940144765,""semantic_role"":""3h""},{""x_px"":1519.6091937118142,""y_px"":2263.328318543905,""semantic_role"":""6h""},{""x_px"":1141.4869203650449,""y_px"":1877.1873936627926,""semantic_role"":""9h""},{""x_px"":1791.7497545571823,""y_px"":2155.867876208743,""semantic_role"":null},{""x_px"":1249.9745956963466,""y_px"":2148.612323988988,""semantic_role"":null},{""x_px"":1258.3894457984793,""y_px"":1606.3189979138801,""semantic_role"":null},{""x_px"":1800.164604659315,""y_px"":1613.574550133635,""semantic_role"":null}]",1524.84375,1880.4749755859375,383.7692565917969,382.8686828613281,123.41209030151367,0.4656651182131532,1525.5211970314126,1882.330451078691,cardinal_diameter_intersection_v1,usable,cardinal_diameter_intersection_v1,"[{""x_px"":1591.017963161515,""y_px"":1919.3219434874957,""semantic_role"":""hole_12h""},{""x_px"":1632.667665505264,""y_px"":1958.174209893746,""semantic_role"":""hole_3h""},{""x_px"":1596.262753005265,""y_px"":1997.5233309874957,""semantic_role"":""hole_6h""},{""x_px"":1553.6718162865143,""y_px"":1958.1516083312458,""semantic_role"":""hole_9h""}]","[{""x_px"":1623.1886130559305,""y_px"":1985.9491297337736,""semantic_role"":null},{""x_px"":1567.3301123877627,""y_px"":1985.9331480156643,""semantic_role"":null},{""x_px"":1563.6214859233487,""y_px"":1930.6364166162175,""semantic_role"":null},{""x_px"":1619.4799865915165,""y_px"":1930.6523983343268,""semantic_role"":null}]",1593.6229474031195,1958.16303877975,"[{""x_px"":1591.017963161515,""y_px"":1919.3219434874957,""semantic_role"":""hole_12h""},{""x_px"":1632.667665505264,""y_px"":1958.174209893746,""semantic_role"":""hole_3h""},{""x_px"":1596.262753005265,""y_px"":1997.5233309874957,""semantic_role"":""hole_6h""},{""x_px"":1553.6718162865143,""y_px"":1958.1516083312458,""semantic_role"":""hole_9h""},{""x_px"":1623.1886130559305,""y_px"":1985.9491297337736,""semantic_role"":null},{""x_px"":1567.3301123877627,""y_px"":1985.9331480156643,""semantic_role"":null},{""x_px"":1563.6214859233487,""y_px"":1930.6364166162175,""semantic_role"":null},{""x_px"":1619.4799865915165,""y_px"":1930.6523983343268,""semantic_role"":null}]","[0.06460064039307899,0.11388390494090812,0.06540938599301932,0.1127819737993242,0.03303013137744991,0.12198916981525006,0.03635059151122224,0.12133632807473431]",0.2284495582211624,0.35029355366048937,"[{""pair_index"":1,""first_point_index"":7,""second_point_index"":5,""midpoint_x_px"":1593.4050494896396,""midpoint_y_px"":1958.2927731749955,""dx_px"":-0.10890691151462306,""dy_px"":0.06489284062945444,""distance_px"":0.12677458791340523,""severity"":""normal""},{""pair_index"":2,""first_point_index"":1,""second_point_index"":3,""midpoint_x_px"":1593.1697408958892,""midpoint_y_px"":1958.162909112496,""dx_px"":0.12640168223583714,""dy_px"":0.1947569031290186,""distance_px"":0.23218018129990226,""severity"":""normal""},{""pair_index"":3,""first_point_index"":4,""second_point_index"":6,""midpoint_x_px"":1593.4050494896396,""midpoint_y_px"":1958.2927731749955,""dx_px"":-0.10890691151462306,""dy_px"":0.06489284062945444,""distance_px"":0.12677458791340523,""severity"":""normal""},{""pair_index"":4,""first_point_index"":2,""second_point_index"":0,""midpoint_x_px"":1593.6403580833899,""midpoint_y_px"":1958.4226372374956,""dx_px"":-0.3442155052648559,""dy_px"":-0.06497122187056448,""distance_px"":0.35029355366048937,""severity"":""normal""}]",1593.296142578125,1958.357666015625,40.65459442138672,37.989593505859375,39.7620849609375,0.09093759197847016,0.12198916981525006,good,6.055378300531358,85,unreviewed,
2.7,501c8cbd-b103-4795-ba87-ed2fe6ddeb20,RIFLE_SRC_0147,DBF8FFCE97995AF11D305AA61B26C3EE698A8745D5588511CDE70D35D9C3D196,B,khai,2026-09-22T07:39:19.879396+00:00,saigon_sniper_air_rifle_10m_decimal_v1,ground_truth_labeler_r1.3e.1e,3024,3024,"[{""x_px"":1455.5630697390304,""y_px"":1231.5528385373077,""semantic_role"":""12h""},{""x_px"":1965.1616490802012,""y_px"":1741.4162493403667,""semantic_role"":""3h""},{""x_px"":1456.2462339651568,""y_px"":2253.115419563779,""semantic_role"":""6h""},{""x_px"":948.3504570744157,""y_px"":1743.101247713661,""semantic_role"":""9h""}]","[{""x_px"":1455.5630697390304,""y_px"":1231.5528385373077,""semantic_role"":""12h""},{""x_px"":1965.1616490802012,""y_px"":1741.4162493403667,""semantic_role"":""3h""},{""x_px"":1456.2462339651568,""y_px"":2253.115419563779,""semantic_role"":""6h""},{""x_px"":948.3504570744157,""y_px"":1743.101247713661,""semantic_role"":""9h""},{""x_px"":1816.0689320200136,""y_px"":2102.877616125881,""semantic_role"":null},{""x_px"":1097.074842966346,""y_px"":2104.069089901926,""semantic_role"":null},{""x_px"":1096.591772909388,""y_px"":1381.715261451676,""semantic_role"":null},{""x_px"":1815.5858619630555,""y_px"":1380.5237876756314,""semantic_role"":null}]",1456.543212890625,1742.3145751953125,510.8080139160156,508.3800354003906,95.91982889175415,0.15125157714260892,1455.904602385373,1742.2601594999082,cardinal_diameter_intersection_v1,ambiguous,cardinal_diameter_intersection_v1,"[{""x_px"":1406.7219865777286,""y_px"":1659.195488605585,""semantic_role"":""hole_12h""},{""x_px"":1461.2105671636657,""y_px"":1709.3696936446477,""semantic_role"":""hole_3h""},{""x_px"":1409.4308964214783,""y_px"":1765.7118289180855,""semantic_role"":""hole_6h""},{""x_px"":1356.3350570464781,""y_px"":1707.153370832148,""semantic_role"":""hole_9h""}]","[{""x_px"":1446.4614632545379,""y_px"":1748.8003972161964,""semantic_role"":null},{""x_px"":1372.3032788702762,""y_px"":1747.2332203261797,""semantic_role"":null},{""x_px"":1370.3877903501377,""y_px"":1671.9147937840366,""semantic_role"":null},{""x_px"":1444.5459747343994,""y_px"":1673.4819706740534,""semantic_role"":null}]",1407.9693960828304,1708.2445537344959,"[{""x_px"":1406.7219865777286,""y_px"":1659.195488605585,""semantic_role"":""hole_12h""},{""x_px"":1461.2105671636657,""y_px"":1709.3696936446477,""semantic_role"":""hole_3h""},{""x_px"":1409.4308964214783,""y_px"":1765.7118289180855,""semantic_role"":""hole_6h""},{""x_px"":1356.3350570464781,""y_px"":1707.153370832148,""semantic_role"":""hole_9h""},{""x_px"":1446.4614632545379,""y_px"":1748.8003972161964,""semantic_role"":null},{""x_px"":1372.3032788702762,""y_px"":1747.2332203261797,""semantic_role"":null},{""x_px"":1370.3877903501377,""y_px"":1671.9147937840366,""semantic_role"":null},{""x_px"":1444.5459747343994,""y_px"":1673.4819706740534,""semantic_role"":null}]","[1.1051447682761908,0.23797204711522263,1.0030087128651537,0.16106779698520018,0.934668640029241,0.6412422235711405,0.8651765505080149,0.5200689450360857]",1.8495864236656454,3.1530436129231867,"[{""pair_index"":1,""first_point_index"":1,""second_point_index"":3,""midpoint_x_px"":1408.7728121050718,""midpoint_y_px"":1708.2615322383979,""dx_px"":-0.12156698788430731,""dy_px"":3.1506992069146236,""distance_px"":3.1530436129231867,""severity"":""strong_warning""},{""pair_index"":2,""first_point_index"":4,""second_point_index"":6,""midpoint_x_px"":1408.4246268023378,""midpoint_y_px"":1710.3575955001165,""dx_px"":0.22661831484970207,""dy_px"":1.0546359451959688,""distance_px"":1.0787088752414682,""severity"":""warning""},{""pair_index"":3,""first_point_index"":2,""second_point_index"":0,""midpoint_x_px"":1408.0764414996033,""midpoint_y_px"":1712.4536587618354,""dx_px"":0.5748036175841662,""dy_px"":-1.0414273165229133,""distance_px"":1.18952513819085,""severity"":""warning""},{""pair_index"":4,""first_point_index"":5,""second_point_index"":7,""midpoint_x_px"":1408.4246268023378,""midpoint_y_px"":1710.3575955001165,""dx_px"":0.22661831484970207,""dy_px"":1.0546359451959688,""distance_px"":1.0787088752414682,""severity"":""warning""}]",1408.6512451171875,1711.4122314453125,54.18521499633789,51.61721420288086,54.26231384277344,0.7594195311593248,1.1051447682761908,usable,2.627296760310693,99,unreviewed,
2.7,610be045-3557-4057-bfc0-1a8fa78f576e,RIFLE_SRC_0284,76ABDDDEEAEF897B9A7761F5BFD1A706002CD0D075592DFA0F9D8688A4CBCC8A,B,khai,2026-09-22T07:43:03.827267+00:00,saigon_sniper_air_rifle_10m_decimal_v1,ground_truth_labeler_r1.3e.1e,4032,3024,"[{""x_px"":1573.1334361794297,""y_px"":1972.3535474267887,""semantic_role"":""12h""},{""x_px"":2140.862373131295,""y_px"":2538.8660309899624,""semantic_role"":""3h""},{""x_px"":1578.8678117101422,""y_px"":3116.3906088566614,""semantic_role"":""6h""},{""x_px"":998.7480688589529,""y_px"":2545.0646785697877,""semantic_role"":""9h""}]","[{""x_px"":1573.1334361794297,""y_px"":1972.3535474267887,""semantic_role"":""12h""},{""x_px"":2140.862373131295,""y_px"":2538.8660309899624,""semantic_role"":""3h""},{""x_px"":1578.8678117101422,""y_px"":3116.3906088566614,""semantic_role"":""6h""},{""x_px"":998.7480688589529,""y_px"":2545.0646785697877,""semantic_role"":""9h""},{""x_px"":1977.330023821777,""y_px"":2946.1118373624463,""semantic_role"":null},{""x_px"":1169.7332543806483,""y_px"":2950.4949431003265,""semantic_role"":null},{""x_px"":1164.5417497117687,""y_px"":2140.525065886562,""semantic_role"":null},{""x_px"":1972.1385191528975,""y_px"":2136.141960148682,""semantic_role"":null}]",1570.37744140625,2543.857421875,572.3058471679688,571.1647338867188,74.55757141113281,0.5752240532149472,1575.9883922686058,2541.9317965803966,cardinal_diameter_intersection_v1,ambiguous,cardinal_diameter_intersection_v1,"[{""x_px"":1530.5167404590993,""y_px"":2496.5812277306286,""semantic_role"":""hole_12h""},{""x_px"":1594.6104514186936,""y_px"":2556.0376086851747,""semantic_role"":""hole_3h""},{""x_px"":1536.6803003887348,""y_px"":2621.6140925915765,""semantic_role"":""hole_6h""},{""x_px"":1472.4670597637348,""y_px"":2555.8795871228267,""semantic_role"":""hole_9h""}]","[{""x_px"":1578.931995776986,""y_px"":2601.7897913988854,""semantic_role"":null},{""x_px"":1492.5635752606402,""y_px"":2601.678053280575,""semantic_role"":null},{""x_px"":1488.2052802381452,""y_px"":2513.2664666662176,""semantic_role"":null},{""x_px"":1574.573700754491,""y_px"":2513.378204784528,""semantic_role"":null}]",1533.4437726640929,2555.958475020964,"[{""x_px"":1530.5167404590993,""y_px"":2496.5812277306286,""semantic_role"":""hole_12h""},{""x_px"":1594.6104514186936,""y_px"":2556.0376086851747,""semantic_role"":""hole_3h""},{""x_px"":1536.6803003887348,""y_px"":2621.6140925915765,""semantic_role"":""hole_6h""},{""x_px"":1472.4670597637348,""y_px"":2555.8795871228267,""semantic_role"":""hole_9h""},{""x_px"":1578.931995776986,""y_px"":2601.7897913988854,""semantic_role"":null},{""x_px"":1492.5635752606402,""y_px"":2601.678053280575,""semantic_role"":null},{""x_px"":1488.2052802381452,""y_px"":2513.2664666662176,""semantic_role"":null},{""x_px"":1574.573700754491,""y_px"":2513.378204784528,""semantic_role"":null}]","[0.810849540817733,0.04281117130809563,0.7615592147961233,0.004530735294902497,0.6009158828642582,0.540262169050557,0.5583132398807874,0.49574335312000445]",1.360619336903162,2.3557081070697,"[{""pair_index"":1,""first_point_index"":1,""second_point_index"":3,""midpoint_x_px"":1533.5387555912143,""midpoint_y_px"":2555.9585979040007,""dx_px"":0.0922258540981602,""dy_px"":2.353902095999274,""distance_px"":2.3557081070697,""severity"":""warning""},{""pair_index"":2,""first_point_index"":4,""second_point_index"":6,""midpoint_x_px"":1533.5686380075656,""midpoint_y_px"":2557.5281290325515,""dx_px"":0.062343437746903874,""dy_px"":0.7843709674484671,""distance_px"":0.7868446598955516,""severity"":""normal""},{""pair_index"":3,""first_point_index"":2,""second_point_index"":0,""midpoint_x_px"":1533.598520423917,""midpoint_y_px"":2559.097660161103,""dx_px"":0.032461021395420175,""dy_px"":-0.7851601611027945,""distance_px"":0.785830895608591,""severity"":""normal""},{""pair_index"":4,""first_point_index"":5,""second_point_index"":7,""midpoint_x_px"":1533.5686380075656,""midpoint_y_px"":2557.5281290325515,""dx_px"":0.062343437746903874,""dy_px"":0.7843709674484671,""distance_px"":0.7868446598955516,""severity"":""normal""}]",1533.6309814453125,2558.3125,63.57389831542969,60.099361419677734,56.59440612792969,0.5533715970090635,0.810849540817733,usable,1.7843053000265057,102,unreviewed,
2.7,638efa63-8a42-4de5-8fb8-5bf8457db41e,RIFLE_SRC_0174,AC4B681DDE0F104692B8F3C37BF68864D38F90F08351C07C05DEC1382436C4F2,B,khai,2026-09-22T07:44:39.677209+00:00,saigon_sniper_air_rifle_10m_decimal_v1,ground_truth_labeler_r1.3e.1e,3024,3024,"[{""x_px"":1586.8097301385196,""y_px"":1218.3976038890505,""semantic_role"":""12h""},{""x_px"":2102.5018962417607,""y_px"":1732.50473367137,""semantic_role"":""3h""},{""x_px"":1592.3635091226695,""y_px"":2242.405592345361,""semantic_role"":""6h""},{""x_px"":1080.5615387115045,""y_px"":1731.7440984276382,""semantic_role"":""9h""}]","[{""x_px"":1586.8097301385196,""y_px"":1218.3976038890505,""semantic_role"":""12h""},{""x_px"":2102.5018962417607,""y_px"":1732.50473367137,""semantic_role"":""3h""},{""x_px"":1592.3635091226695,""y_px"":2242.405592345361,""semantic_role"":""6h""},{""x_px"":1080.5615387115045,""y_px"":1731.7440984276382,""semantic_role"":""9h""},{""x_px"":1953.8332043329901,""y_px"":2093.573428566108,""semantic_role"":null},{""x_px"":1231.212247555141,""y_px"":2093.0355782272554,""semantic_role"":null},{""x_px"":1227.2851327742374,""y_px"":1368.952585600602,""semantic_role"":null},{""x_px"":1949.9060895520865,""y_px"":1369.4904359394545,""semantic_role"":null}]",1591.040771484375,1730.8330078125,513.1531982421875,509.82794189453125,53.98899841308594,0.45725403214134425,1589.595955639947,1732.1229752524307,cardinal_diameter_intersection_v1,good,cardinal_diameter_intersection_v1,"[{""x_px"":1707.7525774958758,""y_px"":1672.1434087451723,""semantic_role"":""hole_12h""},{""x_px"":1761.7096755036882,""y_px"":1725.9519149561102,""semantic_role"":""hole_3h""},{""x_px"":1709.536368732204,""y_px"":1778.4775929482973,""semantic_role"":""hole_6h""},{""x_px"":1655.5624190837661,""y_px"":1723.4877515420467,""semantic_role"":""hole_9h""}]","[{""x_px"":1746.799648053035,""y_px"":1763.4811917389093,""semantic_role"":null},{""x_px"":1671.7422032341608,""y_px"":1761.7387650788733,""semantic_role"":null},{""x_px"":1670.4808723547321,""y_px"":1686.5491423569042,""semantic_role"":null},{""x_px"":1745.5383171736064,""y_px"":1688.2915690169402,""semantic_role"":null}]",1708.6345638913401,1724.719798812525,"[{""x_px"":1707.7525774958758,""y_px"":1672.1434087451723,""semantic_role"":""hole_12h""},{""x_px"":1761.7096755036882,""y_px"":1725.9519149561102,""semantic_role"":""hole_3h""},{""x_px"":1709.536368732204,""y_px"":1778.4775929482973,""semantic_role"":""hole_6h""},{""x_px"":1655.5624190837661,""y_px"":1723.4877515420467,""semantic_role"":""hole_9h""},{""x_px"":1746.799648053035,""y_px"":1763.4811917389093,""semantic_role"":null},{""x_px"":1671.7422032341608,""y_px"":1761.7387650788733,""semantic_role"":null},{""x_px"":1670.4808723547321,""y_px"":1686.5491423569042,""semantic_role"":null},{""x_px"":1745.5383171736064,""y_px"":1688.2915690169402,""semantic_role"":null}]","[0.1486910606108441,0.0011898512183062774,0.1467183123732099,0.0003646340826936055,0.10759711134907698,0.10290874803187891,0.10570013773821264,0.10111327191693316]",0.2558038446265408,0.4430641503907114,"[{""pair_index"":1,""first_point_index"":1,""second_point_index"":3,""midpoint_x_px"":1708.6360472937272,""midpoint_y_px"":1724.7198332490784,""dx_px"":0.0070191125228120654,""dy_px"":0.4430085477965804,""distance_px"":0.4430641503907114,""severity"":""normal""},{""pair_index"":2,""first_point_index"":4,""second_point_index"":6,""midpoint_x_px"":1708.6402602038836,""midpoint_y_px"":1725.0151670479067,""dx_px"":0.002806202366400612,""dy_px"":0.1476747489682566,""distance_px"":0.14770140911500743,""severity"":""normal""},{""pair_index"":3,""first_point_index"":2,""second_point_index"":0,""midpoint_x_px"":1708.64447311404,""midpoint_y_px"":1725.3105008467348,""dx_px"":-0.0014067077900108416,""dy_px"":-0.1476590498598398,""distance_px"":0.14766575036993898,""severity"":""normal""},{""pair_index"":4,""first_point_index"":5,""second_point_index"":7,""midpoint_x_px"":1708.6402602038836,""midpoint_y_px"":1725.0151670479067,""dx_px"":0.002806202366400612,""dy_px"":0.1476747489682566,""distance_px"":0.14770140911500743,""severity"":""normal""}]",1708.64306640625,1725.162841796875,54.18470001220703,52.058616638183594,46.35044860839844,0.10440342730421719,0.1486910606108441,good,5.312202944613771,88,unreviewed,
2.7,141f7e2b-2c41-40e8-8097-45be3653405d,RIFLE_SRC_0339,338ADF348967404AC277D1075D56B62AB4B27FF5101F65A23F70608A98C69BC8,B,khai,2026-09-22T07:47:08.242473+00:00,saigon_sniper_air_rifle_10m_decimal_v1,ground_truth_labeler_r1.3e.1e,4032,3024,"[{""x_px"":1460.9145117722062,""y_px"":1971.4810006607322,""semantic_role"":""12h""},{""x_px"":1816.4814882994776,""y_px"":2322.028580427628,""semantic_role"":""3h""},{""x_px"":1466.4029982639113,""y_px"":2679.450817930022,""semantic_role"":""6h""},{""x_px"":1109.3680137319075,""y_px"":2326.5865500882965,""semantic_role"":""9h""}]","[{""x_px"":1460.9145117722062,""y_px"":1971.4810006607322,""semantic_role"":""12h""},{""x_px"":1816.4814882994776,""y_px"":2322.028580427628,""semantic_role"":""3h""},{""x_px"":1466.4029982639113,""y_px"":2679.450817930022,""semantic_role"":""6h""},{""x_px"":1109.3680137319075,""y_px"":2326.5865500882965,""semantic_role"":""9h""},{""x_px"":1715.1734004537184,""y_px"":2573.590171813355,""semantic_role"":null},{""x_px"":1215.1686675186081,""y_px"":2576.8131430688563,""semantic_role"":null},{""x_px"":1211.7055668813446,""y_px"":2076.136028425151,""semantic_role"":null},{""x_px"":1711.7102998164548,""y_px"":2072.9130571696496,""semantic_role"":null}]",1463.186279296875,2325.1669921875,354.02325439453125,353.56072998046875,78.98715209960938,0.28002454124003306,1463.6497388083828,2324.302892072565,cardinal_diameter_intersection_v1,good,cardinal_diameter_intersection_v1,"[{""x_px"":1438.331060011366,""y_px"":2376.208655237198,""semantic_role"":""hole_12h""},{""x_px"":1472.867159230116,""y_px"":2410.5549685184487,""semantic_role"":""hole_3h""},{""x_px"":1437.0319803238663,""y_px"":2445.591022424698,""semantic_role"":""hole_6h""},{""x_px"":1400.492159230116,""y_px"":2408.5549685184487,""semantic_role"":""hole_9h""}]","[{""x_px"":1462.309722314888,""y_px"":2435.4648816224135,""semantic_role"":null},{""x_px"":1411.1328690265116,""y_px"":2434.05066806004,""semantic_role"":null},{""x_px"":1412.051457082844,""y_px"":2384.9899257269835,""semantic_role"":null},{""x_px"":1463.2283103712205,""y_px"":2386.404139289357,""semantic_role"":null}]",1437.7061697077108,2409.583334956512,"[{""x_px"":1438.331060011366,""y_px"":2376.208655237198,""semantic_role"":""hole_12h""},{""x_px"":1472.867159230116,""y_px"":2410.5549685184487,""semantic_role"":""hole_3h""},{""x_px"":1437.0319803238663,""y_px"":2445.591022424698,""semantic_role"":""hole_6h""},{""x_px"":1400.492159230116,""y_px"":2408.5549685184487,""semantic_role"":""hole_9h""},{""x_px"":1462.309722314888,""y_px"":2435.4648816224135,""semantic_role"":null},{""x_px"":1411.1328690265116,""y_px"":2434.05066806004,""semantic_role"":null},{""x_px"":1412.051457082844,""y_px"":2384.9899257269835,""semantic_role"":null},{""x_px"":1463.2283103712205,""y_px"":2386.404139289357,""semantic_role"":null}]","[0.3333292852686132,0.2543239637681253,0.32485855605722885,0.2583714008009604,0.07984429633467505,0.4162733529538532,0.04068350364480897,0.41042611594825334]",0.7238276939796572,1.0222973556424584,"[{""pair_index"":1,""first_point_index"":7,""second_point_index"":5,""midpoint_x_px"":1437.180589698866,""midpoint_y_px"":2410.2274036746985,""dx_px"":-0.26249887855351517,""dy_px"":0.32166859092649247,""distance_px"":0.41518230168263226,""severity"":""normal""},{""pair_index"":2,""first_point_index"":1,""second_point_index"":3,""midpoint_x_px"":1436.679659230116,""midpoint_y_px"":2409.5549685184487,""dx_px"":0.23843159019656923,""dy_px"":0.9941037471762684,""distance_px"":1.0222973556424584,""severity"":""warning""},{""pair_index"":3,""first_point_index"":4,""second_point_index"":6,""midpoint_x_px"":1437.180589698866,""midpoint_y_px"":2410.2274036746985,""dx_px"":-0.26249887855351517,""dy_px"":0.32166859092649247,""distance_px"":0.41518230168263226,""severity"":""normal""},{""pair_index"":4,""first_point_index"":2,""second_point_index"":0,""midpoint_x_px"":1437.681520167616,""midpoint_y_px"":2410.8998388309483,""dx_px"":-0.7634293473035996,""dy_px"":-0.35076656532328343,""distance_px"":0.8401556710950021,""severity"":""normal""}]",1436.9180908203125,2410.549072265625,36.232086181640625,34.69072341918945,7.601799011230469,0.2953475311640641,0.4162733529538532,ambiguous,5.7298567559411175,87,unreviewed,
2.7,f15a7d76-47f8-4534-a677-8a18c688bcd1,RIFLE_SRC_0559,DB8DE5CF3D5F7637E78B66C92BF2C2139DAB0BC4668C000B81F0C300756780C4,B,khai,2026-09-22T07:48:43.341175+00:00,saigon_sniper_air_rifle_10m_decimal_v1,ground_truth_labeler_r1.3e.1e,4032,3024,"[{""x_px"":1602.4136380646855,""y_px"":1356.9238086391554,""semantic_role"":""12h""},{""x_px"":2034.644502941768,""y_px"":2057.2384477815895,""semantic_role"":""3h""},{""x_px"":1554.8551061935916,""y_px"":2813.6254545336856,""semantic_role"":""6h""},{""x_px"":1061.4016604020246,""y_px"":2129.707270142138,""semantic_role"":""9h""}]","[{""x_px"":1602.4136380646855,""y_px"":1356.9238086391554,""semantic_role"":""12h""},{""x_px"":2034.644502941768,""y_px"":2057.2384477815895,""semantic_role"":""3h""},{""x_px"":1554.8551061935916,""y_px"":2813.6254545336856,""semantic_role"":""6h""},{""x_px"":1061.4016604020246,""y_px"":2129.707270142138,""semantic_role"":""9h""},{""x_px"":1886.455472399384,""y_px"":2579.7342911006713,""semantic_role"":null},{""x_px"":1198.2688586982601,""y_px"":2630.9774868164186,""semantic_role"":null},{""x_px"":1234.7949610150433,""y_px"":1599.7944776250565,""semantic_role"":null},{""x_px"":1922.9815747161672,""y_px"":1548.5512819093092,""semantic_role"":null}]",1554.4298095703125,2088.732421875,733.2051391601562,482.9695129394531,96.9542088508606,5.118540352034523,1578.4406612554808,2091.207929722078,cardinal_diameter_intersection_v1,usable,cardinal_diameter_intersection_v1,"[{""x_px"":1418.7396028427122,""y_px"":1864.5024038912875,""semantic_role"":""hole_12h""},{""x_px"":1469.028046224923,""y_px"":1941.5459542877566,""semantic_role"":""hole_3h""},{""x_px"":1417.0115823577355,""y_px"":2015.3594229205687,""semantic_role"":""hole_6h""},{""x_px"":1362.5466139592982,""y_px"":1938.8503883502563,""semantic_role"":""hole_9h""}]","[{""x_px"":1453.8673852574286,""y_px"":1994.3535794118347,""semantic_role"":null},{""x_px"":1378.5736424319493,""y_px"":1992.4475264582927,""semantic_role"":null},{""x_px"":1379.7955374349056,""y_px"":1885.7755053131,""semantic_role"":null},{""x_px"":1455.0892802603848,""y_px"":1887.681558266642,""semantic_role"":null}]",1417.8719267641393,1940.2509426582255,"[{""x_px"":1418.7396028427122,""y_px"":1864.5024038912875,""semantic_role"":""hole_12h""},{""x_px"":1469.028046224923,""y_px"":1941.5459542877566,""semantic_role"":""hole_3h""},{""x_px"":1417.0115823577355,""y_px"":2015.3594229205687,""semantic_role"":""hole_6h""},{""x_px"":1362.5466139592982,""y_px"":1938.8503883502563,""semantic_role"":""hole_9h""},{""x_px"":1453.8673852574286,""y_px"":1994.3535794118347,""semantic_role"":null},{""x_px"":1378.5736424319493,""y_px"":1992.4475264582927,""semantic_role"":null},{""x_px"":1379.7955374349056,""y_px"":1885.7755053131,""semantic_role"":null},{""x_px"":1455.0892802603848,""y_px"":1887.681558266642,""semantic_role"":null}]","[0.0941009789729472,0.5341706779684566,0.06562535126108261,0.5087834958696377,0.490988025057868,0.4177919918618326,0.5169747256121843,0.38273575442618873]",0.912778531577008,1.5647160309189365,"[{""pair_index"":1,""first_point_index"":1,""second_point_index"":3,""midpoint_x_px"":1415.7873300921106,""midpoint_y_px"":1940.1981713190064,""dx_px"":0.524071275076949,""dy_px"":-0.2267357721314056,""distance_px"":0.5710164723760636,""severity"":""normal""},{""pair_index"":2,""first_point_index"":4,""second_point_index"":6,""midpoint_x_px"":1416.831461346167,""midpoint_y_px"":1940.0645423624674,""dx_px"":-0.5200599789795888,""dy_px"":-0.093106815592364,""distance_px"":0.5283287431571377,""severity"":""normal""},{""pair_index"":3,""first_point_index"":2,""second_point_index"":0,""midpoint_x_px"":1417.8755926002239,""midpoint_y_px"":1939.930913405928,""dx_px"":-1.5641912330363539,""dy_px"":0.04052214094690498,""distance_px"":1.5647160309189365,""severity"":""warning""},{""pair_index"":4,""first_point_index"":5,""second_point_index"":7,""midpoint_x_px"":1416.831461346167,""midpoint_y_px"":1940.0645423624674,""dx_px"":-0.5200599789795888,""dy_px"":-0.093106815592364,""distance_px"":0.5283287431571377,""severity"":""normal""}]",1416.3114013671875,1939.971435546875,75.45877838134766,53.260597229003906,89.87451171875,0.41634264039587904,0.5341706779684566,usable,9.29563227327113,72,unreviewed,
2.7,ccdf5ad7-1f11-4149-b331-f580ee289069,RIFLE_SRC_0477,7E69D873F408A817A1D1E602DEEBE5F599D63FFA9AE47A14D9C7C8FA9DE36116,B,khai,2026-09-22T07:50:18.865275+00:00,saigon_sniper_air_rifle_10m_decimal_v1,ground_truth_labeler_r1.3e.1e,4032,3024,"[{""x_px"":1471.3547865486412,""y_px"":1787.3640000374426,""semantic_role"":""12h""},{""x_px"":1979.109723923308,""y_px"":2303.1312849392234,""semantic_role"":""3h""},{""x_px"":1465.0191564541783,""y_px"":2812.5905300727936,""semantic_role"":""6h""},{""x_px"":955.1202401125115,""y_px"":2295.0631367987603,""semantic_role"":""9h""}]","[{""x_px"":1471.3547865486412,""y_px"":1787.3640000374426,""semantic_role"":""12h""},{""x_px"":1979.109723923308,""y_px"":2303.1312849392234,""semantic_role"":""3h""},{""x_px"":1465.0191564541783,""y_px"":2812.5905300727936,""semantic_role"":""6h""},{""x_px"":955.1202401125115,""y_px"":2295.0631367987603,""semantic_role"":""9h""},{""x_px"":1827.385188935472,""y_px"":2663.7841706224726,""semantic_role"":null},{""x_px"":1103.3864637937158,""y_px"":2659.341971789752,""semantic_role"":null},{""x_px"":1107.8664307966,""y_px"":1934.3973401494015,""semantic_role"":null},{""x_px"":1831.865155938356,""y_px"":1938.839538982122,""semantic_role"":null}]",1467.3673095703125,2299.530517578125,512.6107788085938,511.9964294433594,91.359179854393,0.36104293995206327,1468.1923575461815,2299.105699652815,cardinal_diameter_intersection_v1,good,cardinal_diameter_intersection_v1,"[{""x_px"":1712.7351548722625,""y_px"":2144.427770513274,""semantic_role"":""hole_12h""},{""x_px"":1764.779232684762,""y_px"":2193.7972975054618,""semantic_role"":""hole_3h""},{""x_px"":1714.0833867159681,""y_px"":2245.9028381767803,""semantic_role"":""hole_6h""},{""x_px"":1657.549139137843,""y_px"":2192.0870744267804,""semantic_role"":""hole_9h""}]","[{""x_px"":1750.674963439504,""y_px"":2230.535254556827,""semantic_role"":null},{""x_px"":1674.8518371452096,""y_px"":2229.3259442205494,""semantic_role"":null},{""x_px"":1673.8984932659139,""y_px"":2157.5722357543204,""semantic_role"":null},{""x_px"":1749.7216195602082,""y_px"":2158.781546090598,""semantic_role"":null}]",1713.3802032816563,2192.977529440367,"[{""x_px"":1712.7351548722625,""y_px"":2144.427770513274,""semantic_role"":""hole_12h""},{""x_px"":1764.779232684762,""y_px"":2193.7972975054618,""semantic_role"":""hole_3h""},{""x_px"":1714.0833867159681,""y_px"":2245.9028381767803,""semantic_role"":""hole_6h""},{""x_px"":1657.549139137843,""y_px"":2192.0870744267804,""semantic_role"":""hole_9h""},{""x_px"":1750.674963439504,""y_px"":2230.535254556827,""semantic_role"":null},{""x_px"":1674.8518371452096,""y_px"":2229.3259442205494,""semantic_role"":null},{""x_px"":1673.8984932659139,""y_px"":2157.5722357543204,""semantic_role"":null},{""x_px"":1749.7216195602082,""y_px"":2158.781546090598,""semantic_role"":null}]","[0.5497860523491689,0.5544814997683777,0.5430176102571537,0.551914901917019,0.06383767924315759,0.7722157617856733,0.03046629415368133,0.7606726283837808]",1.354303541389998,1.7644461257960513,"[{""pair_index"":1,""first_point_index"":7,""second_point_index"":5,""midpoint_x_px"":1712.286728352709,""midpoint_y_px"":2194.053745155574,""dx_px"":-0.5457615558339057,""dy_px"":0.5370751569262211,""distance_px"":0.7657058181923201,""severity"":""normal""},{""pair_index"":2,""first_point_index"":1,""second_point_index"":3,""midpoint_x_px"":1711.1641859113024,""midpoint_y_px"":2192.942185966121,""dx_px"":0.5767808855725889,""dy_px"":1.6486343463789126,""distance_px"":1.7466171297746178,""severity"":""warning""},{""pair_index"":3,""first_point_index"":4,""second_point_index"":6,""midpoint_x_px"":1712.286728352709,""midpoint_y_px"":2194.053745155574,""dx_px"":-0.5457615558339057,""dy_px"":0.5370751569262211,""distance_px"":0.7657058181923201,""severity"":""normal""},{""pair_index"":4,""first_point_index"":2,""second_point_index"":0,""midpoint_x_px"":1713.4092707941154,""midpoint_y_px"":2195.165304345027,""dx_px"":-1.6683039972404003,""dy_px"":-0.5744840325269251,""distance_px"":1.7644461257960513,""severity"":""warning""}]",1711.740966796875,2194.5908203125,53.84691619873047,50.5645866394043,14.401618957519531,0.5464814836345857,0.7722157617856733,usable,11.868949007448672,62,unreviewed,
2.7,bee840f4-8f5b-4f33-bf5f-13fef53c717a,RIFLE_SRC_0532,A47E9DA0CF9FCE9ABACF511C2189A7F6A6233898E0598A956636F08141283224,B,khai,2026-09-22T07:52:06.954372+00:00,saigon_sniper_air_rifle_10m_decimal_v1,ground_truth_labeler_r1.3e.1e,4032,3024,"[{""x_px"":1530.1383120140993,""y_px"":1774.861974263608,""semantic_role"":""12h""},{""x_px"":2040.5010932837552,""y_px"":2294.6243106612906,""semantic_role"":""3h""},{""x_px"":1521.7122524251015,""y_px"":2806.50738310966,""semantic_role"":""6h""},{""x_px"":1008.9256485994889,""y_px"":2287.844702692474,""semantic_role"":""9h""}]","[{""x_px"":1530.1383120140993,""y_px"":1774.861974263608,""semantic_role"":""12h""},{""x_px"":2040.5010932837552,""y_px"":2294.6243106612906,""semantic_role"":""3h""},{""x_px"":1521.7122524251015,""y_px"":2806.50738310966,""semantic_role"":""6h""},{""x_px"":1008.9256485994889,""y_px"":2287.844702692474,""semantic_role"":""9h""},{""x_px"":1887.0572607644665,""y_px"":2658.0982782535325,""semantic_role"":null},{""x_px"":1157.6232685226937,""y_px"":2653.304371484996,""semantic_role"":null},{""x_px"":1163.581392396756,""y_px"":1923.820907109984,""semantic_role"":null},{""x_px"":1893.0153846385288,""y_px"":1928.6148138785206,""semantic_role"":null}]",1525.0186767578125,2290.818115234375,516.2320556640625,515.407470703125,133.99588775634766,0.23504405443235352,1525.9207266398403,2291.2424415287205,cardinal_diameter_intersection_v1,good,cardinal_diameter_intersection_v1,"[{""x_px"":1448.211473888906,""y_px"":2226.3942392810227,""semantic_role"":""hole_12h""},{""x_px"":1499.4542372873436,""y_px"":2281.1048820153974,""semantic_role"":""hole_3h""},{""x_px"":1447.780958498281,""y_px"":2329.7778511950855,""semantic_role"":""hole_6h""},{""x_px"":1396.480109279531,""y_px"":2278.020616038835,""semantic_role"":""hole_9h""}]","[{""x_px"":1484.2363366630057,""y_px"":2316.4664763500864,""semantic_role"":null},{""x_px"":1411.4226324619096,""y_px"":2314.285570963076,""semantic_role"":null},{""x_px"":1411.7270528140257,""y_px"":2241.182317915084,""semantic_role"":null},{""x_px"":1484.5407570151217,""y_px"":2243.363223302094,""semantic_role"":null}]",1447.9900639721122,2279.563434645667,"[{""x_px"":1448.211473888906,""y_px"":2226.3942392810227,""semantic_role"":""hole_12h""},{""x_px"":1499.4542372873436,""y_px"":2281.1048820153974,""semantic_role"":""hole_3h""},{""x_px"":1447.780958498281,""y_px"":2329.7778511950855,""semantic_role"":""hole_6h""},{""x_px"":1396.480109279531,""y_px"":2278.020616038835,""semantic_role"":""hole_9h""},{""x_px"":1484.2363366630057,""y_px"":2316.4664763500864,""semantic_role"":null},{""x_px"":1411.4226324619096,""y_px"":2314.285570963076,""semantic_role"":null},{""x_px"":1411.7270528140257,""y_px"":2241.182317915084,""semantic_role"":null},{""x_px"":1484.5407570151217,""y_px"":2243.363223302094,""semantic_role"":null}]","[0.3629647058883903,0.0005048972576709965,0.37613400889619175,0.010982064271009286,0.2621437180880212,0.2472101726356235,0.27383574046824877,0.25919971502902883]",0.6396100338600763,1.1077194034459763,"[{""pair_index"":1,""first_point_index"":1,""second_point_index"":3,""midpoint_x_px"":1447.9671732834372,""midpoint_y_px"":2279.5627490271163,""dx_px"":0.0103657790627949,""dy_px"":-1.107670902116297,""distance_px"":1.1077194034459763,""severity"":""warning""},{""pair_index"":2,""first_point_index"":4,""second_point_index"":6,""midpoint_x_px"":1447.9816947385157,""midpoint_y_px"":2278.824397132585,""dx_px"":-0.004155676015670906,""dy_px"":-0.36931900758509073,""distance_px"":0.36934238723274576,""severity"":""normal""},{""pair_index"":3,""first_point_index"":2,""second_point_index"":0,""midpoint_x_px"":1447.9962161935937,""midpoint_y_px"":2278.086045238054,""dx_px"":-0.018677131093681965,""dy_px"":0.36903288694611547,""distance_px"":0.3695052190073572,""severity"":""normal""},{""pair_index"":4,""first_point_index"":5,""second_point_index"":7,""midpoint_x_px"":1447.9816947385157,""midpoint_y_px"":2278.824397132585,""dx_px"":-0.004155676015670906,""dy_px"":-0.36931900758509073,""distance_px"":0.36934238723274576,""severity"":""normal""}]",1447.9775390625,2278.455078125,52.27470397949219,50.93229675292969,49.874237060546875,0.2610899592195978,0.37613400889619175,good,3.4763901285200873,96,unreviewed,
2.7,d5d32c19-874d-4b00-86c7-66aca1871a34,RIFLE_SRC_0064,B7161F4DB38E569BA4B69D0FFD3E8FFF07BE85E78868659C3D8F884CBEA15C60,B,khai,2026-09-22T07:53:23.809349+00:00,saigon_sniper_air_rifle_10m_decimal_v1,ground_truth_labeler_r1.3e.1e,3024,3024,"[{""x_px"":1512.7157546294604,""y_px"":1236.3215886442226,""semantic_role"":""12h""},{""x_px"":2036.6313646320273,""y_px"":1748.2800911377822,""semantic_role"":""3h""},{""x_px"":1527.2115874058998,""y_px"":2269.628256950308,""semantic_role"":""6h""},{""x_px"":1004.4473136920901,""y_px"":1759.2776768030496,""semantic_role"":""9h""}]","[{""x_px"":1512.7157546294604,""y_px"":1236.3215886442226,""semantic_role"":""12h""},{""x_px"":2036.6313646320273,""y_px"":1748.2800911377822,""semantic_role"":""3h""},{""x_px"":1527.2115874058998,""y_px"":2269.628256950308,""semantic_role"":""6h""},{""x_px"":1004.4473136920901,""y_px"":1759.2776768030496,""semantic_role"":""9h""},{""x_px"":1890.3087268435681,""y_px"":2114.817745785801,""semantic_role"":null},{""x_px"":1160.4443849913378,""y_px"":2122.5942131863917,""semantic_role"":null},{""x_px"":1150.194283336171,""y_px"":1391.93606098188,""semantic_role"":null},{""x_px"":1880.0586251884015,""y_px"":1384.1595935812895,""semantic_role"":null}]",1520.3897705078125,1753.1728515625,517.3309326171875,515.49365234375,53.54063415527344,0.17436756587091895,1519.9750338039062,1753.7848964606417,cardinal_diameter_intersection_v1,good,cardinal_diameter_intersection_v1,"[{""x_px"":1459.1793136469244,""y_px"":1631.3774190362524,""semantic_role"":""hole_12h""},{""x_px"":1505.640334115674,""y_px"":1689.5824773956276,""semantic_role"":""hole_3h""},{""x_px"":1458.2289015375493,""y_px"":1739.5827850909402,""semantic_role"":""hole_6h""},{""x_px"":1406.5542847016122,""y_px"":1682.3423463018776,""semantic_role"":""hole_9h""}]","[{""x_px"":1492.096895807544,""y_px"":1726.5374039017306,""semantic_role"":null},{""x_px"":1422.0324783458755,""y_px"":1721.4178581086603,""semantic_role"":null},{""x_px"":1422.7045211933362,""y_px"":1644.905110010618,""semantic_role"":null},{""x_px"":1492.7689386550046,""y_px"":1650.0246558036883,""semantic_role"":null}]",1458.6982020248195,1686.152456800724,"[{""x_px"":1459.1793136469244,""y_px"":1631.3774190362524,""semantic_role"":""hole_12h""},{""x_px"":1505.640334115674,""y_px"":1689.5824773956276,""semantic_role"":""hole_3h""},{""x_px"":1458.2289015375493,""y_px"":1739.5827850909402,""semantic_role"":""hole_6h""},{""x_px"":1406.5542847016122,""y_px"":1682.3423463018776,""semantic_role"":""hole_9h""},{""x_px"":1492.096895807544,""y_px"":1726.5374039017306,""semantic_role"":null},{""x_px"":1422.0324783458755,""y_px"":1721.4178581086603,""semantic_role"":null},{""x_px"":1422.7045211933362,""y_px"":1644.905110010618,""semantic_role"":null},{""x_px"":1492.7689386550046,""y_px"":1650.0246558036883,""semantic_role"":null}]","[0.18458669020477803,0.6731578414273532,0.15065887467766148,0.6314142693591225,0.5995612376186685,0.3839814372403111,0.6287915408957467,0.32779060919558894]",1.1597601759611622,1.9518393830005456,"[{""pair_index"":1,""first_point_index"":1,""second_point_index"":3,""midpoint_x_px"":1456.097309408643,""midpoint_y_px"":1685.9624118487527,""dx_px"":0.6551319976069863,""dy_px"":-0.45630833312770847,""distance_px"":0.7983828838159721,""severity"":""normal""},{""pair_index"":2,""first_point_index"":4,""second_point_index"":6,""midpoint_x_px"":1457.40070850044,""midpoint_y_px"":1685.7212569561743,""dx_px"":-0.6482670941900324,""dy_px"":-0.2151534405493294,""distance_px"":0.6830382334758444,""severity"":""normal""},{""pair_index"":3,""first_point_index"":2,""second_point_index"":0,""midpoint_x_px"":1458.7041075922368,""midpoint_y_px"":1685.4801020635964,""dx_px"":-1.9516661859868236,""dy_px"":0.02600145202859494,""distance_px"":1.9518393830005456,""severity"":""warning""},{""pair_index"":4,""first_point_index"":5,""second_point_index"":7,""midpoint_x_px"":1457.40070850044,""midpoint_y_px"":1685.7212569561743,""dx_px"":-0.6482670941900324,""dy_px"":-0.2151534405493294,""distance_px"":0.6830382334758444,""severity"":""normal""}]",1456.75244140625,1685.506103515625,54.652259826660156,49.120914459228516,73.90374755859375,0.48968570391172456,0.6731578414273532,ambiguous,4.013513235918089,93,unreviewed,
2.7,6dcbcd8e-cf83-40ab-89a6-de525250a015,RIFLE_SRC_0367,CB32E1E1746D6ECEA9AB58996602F0CC496FD2C43A373B000415B830D23B9729,B,khai,2026-09-22T07:54:30.321536+00:00,saigon_sniper_air_rifle_10m_decimal_v1,ground_truth_labeler_r1.3e.1e,4032,3024,"[{""x_px"":1420.4897184389483,""y_px"":1535.1354567034723,""semantic_role"":""12h""},{""x_px"":1794.9746305956814,""y_px"":1920.1840896929614,""semantic_role"":""3h""},{""x_px"":1412.034876396741,""y_px"":2295.0123665116776,""semantic_role"":""6h""},{""x_px"":1034.6477938345236,""y_px"":1914.525675978116,""semantic_role"":""9h""}]","[{""x_px"":1420.4897184389483,""y_px"":1535.1354567034723,""semantic_role"":""12h""},{""x_px"":1794.9746305956814,""y_px"":1920.1840896929614,""semantic_role"":""3h""},{""x_px"":1412.034876396741,""y_px"":2295.0123665116776,""semantic_role"":""6h""},{""x_px"":1034.6477938345236,""y_px"":1914.525675978116,""semantic_role"":""9h""},{""x_px"":1681.3636478414867,""y_px"":2186.87200647205,""semantic_role"":null},{""x_px"":1143.7313856495548,""y_px"":2182.870903763524,""semantic_role"":null},{""x_px"":1149.7098617914605,""y_px"":1645.5567879710636,""semantic_role"":null},{""x_px"":1687.3421239833924,""y_px"":1649.5578906795897,""semantic_role"":null}]",1415.186767578125,1915.638916015625,380.780517578125,379.360107421875,139.82227325439453,0.4767469030558055,1416.2367999307257,1917.3654921744337,cardinal_diameter_intersection_v1,good,cardinal_diameter_intersection_v1,"[{""x_px"":1270.5684912975712,""y_px"":1862.365614002161,""semantic_role"":""hole_12h""},{""x_px"":1308.4434912975712,""y_px"":1898.365614002161,""semantic_role"":""hole_3h""},{""x_px"":1268.3184912975712,""y_px"":1939.490614002161,""semantic_role"":""hole_6h""},{""x_px"":1231.5684912975712,""y_px"":1899.365614002161,""semantic_role"":""hole_9h""}]","[{""x_px"":1296.1086630705943,""y_px"":1926.811115861074,""semantic_role"":null},{""x_px"":1241.7498292668784,""y_px"":1927.5182226422605,""semantic_role"":null},{""x_px"":1243.3408195245481,""y_px"":1872.982612143248,""semantic_role"":null},{""x_px"":1297.699653328264,""y_px"":1872.2755053620615,""semantic_role"":null}]",1269.5034707735147,1898.8721508545036,"[{""x_px"":1270.5684912975712,""y_px"":1862.365614002161,""semantic_role"":""hole_12h""},{""x_px"":1308.4434912975712,""y_px"":1898.365614002161,""semantic_role"":""hole_3h""},{""x_px"":1268.3184912975712,""y_px"":1939.490614002161,""semantic_role"":""hole_6h""},{""x_px"":1231.5684912975712,""y_px"":1899.365614002161,""semantic_role"":""hole_9h""},{""x_px"":1296.1086630705943,""y_px"":1926.811115861074,""semantic_role"":null},{""x_px"":1241.7498292668784,""y_px"":1927.5182226422605,""semantic_role"":null},{""x_px"":1243.3408195245481,""y_px"":1872.982612143248,""semantic_role"":null},{""x_px"":1297.699653328264,""y_px"":1872.2755053620615,""semantic_role"":null}]","[0.5305542426378009,0.13818172232345424,0.49835487465773937,0.11248321430077202,0.45201741614940716,0.3021966649914248,0.4316132422628826,0.2569373022160735]",0.9195415269899109,1.5526346193812885,"[{""pair_index"":1,""first_point_index"":4,""second_point_index"":6,""midpoint_x_px"":1269.7247412975712,""midpoint_y_px"":1899.896864002161,""dx_px"":0.11034171024130046,""dy_px"":0.5119494744014901,""distance_px"":0.5237056018021357,""severity"":""normal""},{""pair_index"":2,""first_point_index"":2,""second_point_index"":0,""midpoint_x_px"":1269.4434912975712,""midpoint_y_px"":1900.928114002161,""dx_px"":0.39159171024130046,""dy_px"":-0.5193005255985099,""distance_px"":0.6503976502237653,""severity"":""normal""},{""pair_index"":3,""first_point_index"":5,""second_point_index"":7,""midpoint_x_px"":1269.7247412975712,""midpoint_y_px"":1899.896864002161,""dx_px"":0.11034171024130046,""dy_px"":0.5119494744014901,""distance_px"":0.5237056018021357,""severity"":""normal""},{""pair_index"":4,""first_point_index"":3,""second_point_index"":1,""midpoint_x_px"":1270.0059912975712,""midpoint_y_px"":1898.865614002161,""dx_px"":-0.17090828975869954,""dy_px"":1.54319947440149,""distance_px"":1.5526346193812885,""severity"":""warning""}]",1269.8350830078125,1900.4088134765625,39.34149169921875,37.69755554199219,133.0524139404297,0.37241465202796614,0.5305542426378009,good,8.853958056992488,74,unreviewed,
2.7,3a1871f8-6641-466e-9a43-2580024beabc,RIFLE_SRC_0449,CC54A39016D6A4D7BE42DB7FD926CCF63A1874A56FEC0AC660C7D440C6499CE0,B,khai,2026-09-22T07:55:59.021656+00:00,saigon_sniper_air_rifle_10m_decimal_v1,ground_truth_labeler_r1.3e.1e,4032,3024,"[{""x_px"":1561.5385995431886,""y_px"":1811.3580447715078,""semantic_role"":""12h""},{""x_px"":2070.6040634109027,""y_px"":2325.7266926376615,""semantic_role"":""3h""},{""x_px"":1557.5825097250604,""y_px"":2835.664306316992,""semantic_role"":""6h""},{""x_px"":1047.4385569477938,""y_px"":2322.2585166782023,""semantic_role"":""9h""}]","[{""x_px"":1561.5385995431886,""y_px"":1811.3580447715078,""semantic_role"":""12h""},{""x_px"":2070.6040634109027,""y_px"":2325.7266926376615,""semantic_role"":""3h""},{""x_px"":1557.5825097250604,""y_px"":2835.664306316992,""semantic_role"":""6h""},{""x_px"":1047.4385569477938,""y_px"":2322.2585166782023,""semantic_role"":""9h""},{""x_px"":1919.6113220397124,""y_px"":2686.9949445258735,""semantic_role"":null},{""x_px"":1196.1940053396388,""y_px"":2683.482452761465,""semantic_role"":null},{""x_px"":1198.9913832770203,""y_px"":1959.1885492108115,""semantic_role"":null},{""x_px"":1922.4086999770939,""y_px"":1962.70104097522,""semantic_role"":null}]",1559.1617431640625,2323.30029296875,512.2421264648438,511.47821044921875,69.40591430664062,0.1777929336525904,1559.5586882168202,2323.9944261829723,cardinal_diameter_intersection_v1,good,cardinal_diameter_intersection_v1,"[{""x_px"":1500.6381729191905,""y_px"":2172.37959843497,""semantic_role"":""hole_12h""},{""x_px"":1547.6381729191905,""y_px"":2227.37959843497,""semantic_role"":""hole_3h""},{""x_px"":1499.1381729191905,""y_px"":2279.37959843497,""semantic_role"":""hole_6h""},{""x_px"":1447.6381729191905,""y_px"":2227.12959843497,""semantic_role"":""hole_9h""}]","[{""x_px"":1533.588181892628,""y_px"":2264.4856995760983,""semantic_role"":null},{""x_px"":1462.8775037739733,""y_px"":2264.3089228808017,""semantic_role"":null},{""x_px"":1463.938163945753,""y_px"":2188.6484972938415,""semantic_role"":null},{""x_px"":1534.6488420644077,""y_px"":2188.825273989138,""semantic_role"":null}]",1499.8688190414032,2227.2601750502786,"[{""x_px"":1500.6381729191905,""y_px"":2172.37959843497,""semantic_role"":""hole_12h""},{""x_px"":1547.6381729191905,""y_px"":2227.37959843497,""semantic_role"":""hole_3h""},{""x_px"":1499.1381729191905,""y_px"":2279.37959843497,""semantic_role"":""hole_6h""},{""x_px"":1447.6381729191905,""y_px"":2227.12959843497,""semantic_role"":""hole_9h""},{""x_px"":1533.588181892628,""y_px"":2264.4856995760983,""semantic_role"":null},{""x_px"":1462.8775037739733,""y_px"":2264.3089228808017,""semantic_role"":null},{""x_px"":1463.938163945753,""y_px"":2188.6484972938415,""semantic_role"":null},{""x_px"":1534.6488420644077,""y_px"":2188.825273989138,""semantic_role"":null}]","[0.3524597190703911,0.568847663222331,0.3366684977673659,0.5463727916289436,0.6336280501463597,0.20583425655582585,0.6464197555804369,0.14048292398440065]",1.1374340665402956,1.7116671432890251,"[{""pair_index"":1,""first_point_index"":4,""second_point_index"":6,""midpoint_x_px"":1498.7631729191905,""midpoint_y_px"":2226.56709843497,""dx_px"":-0.5522354191905379,""dy_px"":-0.3459070287199211,""distance_px"":0.6516253760608111,""severity"":""normal""},{""pair_index"":2,""first_point_index"":2,""second_point_index"":0,""midpoint_x_px"":1499.8881729191905,""midpoint_y_px"":2225.87959843497,""dx_px"":-1.6772354191905379,""dy_px"":0.3415929712800789,""distance_px"":1.7116671432890251,""severity"":""warning""},{""pair_index"":3,""first_point_index"":5,""second_point_index"":7,""midpoint_x_px"":1498.7631729191905,""midpoint_y_px"":2226.56709843497,""dx_px"":-0.5522354191905379,""dy_px"":-0.3459070287199211,""distance_px"":0.6516253760608111,""severity"":""normal""},{""pair_index"":4,""first_point_index"":3,""second_point_index"":1,""midpoint_x_px"":1497.6381729191905,""midpoint_y_px"":2227.25459843497,""dx_px"":0.5727645808094621,""dy_px"":-1.033407028719921,""distance_px"":1.1815199329836017,""severity"":""warning""}]",1498.2109375,2226.22119140625,53.554344177246094,49.99242401123047,95.5402717590332,0.46652044727188424,0.6464197555804369,good,5.048565583647576,89,unreviewed,
2.7,df9da5e4-3eed-491f-9620-ca7e46d7a56c,RIFLE_SRC_0422,0761B7A61541D4DF97EA13F0F439C0D129429E2659A97328BB9E57E506923D10,B,khai,2026-09-22T07:58:38.027818+00:00,saigon_sniper_air_rifle_10m_decimal_v1,ground_truth_labeler_r1.3e.1e,4032,3024,"[{""x_px"":1539.6231307821088,""y_px"":1751.3180984787093,""semantic_role"":""12h""},{""x_px"":2068.8480442325313,""y_px"":2285.5081086742534,""semantic_role"":""3h""},{""x_px"":1536.5920918940026,""y_px"":2805.5482473176085,""semantic_role"":""6h""},{""x_px"":1008.5019418710258,""y_px"":2280.1624428330824,""semantic_role"":""9h""}]","[{""x_px"":1539.6231307821088,""y_px"":1751.3180984787093,""semantic_role"":""12h""},{""x_px"":2068.8480442325313,""y_px"":2285.5081086742534,""semantic_role"":""3h""},{""x_px"":1536.5920918940026,""y_px"":2805.5482473176085,""semantic_role"":""6h""},{""x_px"":1008.5019418710258,""y_px"":2280.1624428330824,""semantic_role"":""9h""},{""x_px"":1912.2086278112797,""y_px"":2655.2508461966822,""semantic_role"":null},{""x_px"":1162.430708426734,""y_px"":2651.470889630433,""semantic_role"":null},{""x_px"":1164.5739765785543,""y_px"":1906.0176024551442,""semantic_role"":null},{""x_px"":1914.3518959630999,""y_px"":1909.7975590213935,""semantic_role"":null}]",1538.5394287109375,2279.53515625,530.2893676757812,527.018798828125,10.497489929199219,0.7854148434548702,1538.094963168539,2282.8323515707743,cardinal_diameter_intersection_v1,good,cardinal_diameter_intersection_v1,"[{""x_px"":1736.4435062311986,""y_px"":2311.2891672552837,""semantic_role"":""hole_12h""},{""x_px"":1785.7145088173534,""y_px"":2364.9987151922032,""semantic_role"":""hole_3h""},{""x_px"":1733.48545623908,""y_px"":2420.502274658947,""semantic_role"":""hole_6h""},{""x_px"":1678.7531624501667,""y_px"":2362.783086520328,""semantic_role"":""hole_9h""}]","[{""x_px"":1770.369876500732,""y_px"":2404.2893183557203,""semantic_role"":null},{""x_px"":1694.7367831596514,""y_px"":2402.722632297246,""semantic_role"":null},{""x_px"":1696.8284403681673,""y_px"":2325.497303457661,""semantic_role"":null},{""x_px"":1772.461533709248,""y_px"":2327.0639895161353,""semantic_role"":null}]",1735.0172204103208,2363.9485567041493,"[{""x_px"":1736.4435062311986,""y_px"":2311.2891672552837,""semantic_role"":""hole_12h""},{""x_px"":1785.7145088173534,""y_px"":2364.9987151922032,""semantic_role"":""hole_3h""},{""x_px"":1733.48545623908,""y_px"":2420.502274658947,""semantic_role"":""hole_6h""},{""x_px"":1678.7531624501667,""y_px"":2362.783086520328,""semantic_role"":""hole_9h""},{""x_px"":1770.369876500732,""y_px"":2404.2893183557203,""semantic_role"":null},{""x_px"":1694.7367831596514,""y_px"":2402.722632297246,""semantic_role"":null},{""x_px"":1696.8284403681673,""y_px"":2325.497303457661,""semantic_role"":null},{""x_px"":1772.461533709248,""y_px"":2327.0639895161353,""semantic_role"":null}]","[0.47827660407992517,0.709847945281861,0.49336563857574495,0.6814208283850932,0.10405926109842738,0.8474938244654521,0.20813584063740564,0.8307547769456765]",1.4688326675559225,2.140101860969319,"[{""pair_index"":1,""first_point_index"":4,""second_point_index"":6,""midpoint_x_px"":1733.5991584344497,""midpoint_y_px"":2364.8933109066907,""dx_px"":-0.7078010125746914,""dy_px"":0.47119104643434184,""distance_px"":0.8502959929587158,""severity"":""normal""},{""pair_index"":2,""first_point_index"":2,""second_point_index"":0,""midpoint_x_px"":1734.9644812351394,""midpoint_y_px"":2365.8957209571154,""dx_px"":-2.073123813264374,""dy_px"":-0.5312190039903726,""distance_px"":2.140101860969319,""severity"":""warning""},{""pair_index"":3,""first_point_index"":5,""second_point_index"":7,""midpoint_x_px"":1733.5991584344497,""midpoint_y_px"":2364.8933109066907,""dx_px"":-0.7078010125746914,""dy_px"":0.47119104643434184,""distance_px"":0.8502959929587158,""severity"":""normal""},{""pair_index"":4,""first_point_index"":3,""second_point_index"":1,""midpoint_x_px"":1732.23383563376,""midpoint_y_px"":2363.890900856266,""dx_px"":0.6575217881149911,""dy_px"":1.4736010968590563,""distance_px"":1.6136403237742136,""severity"":""warning""}]",1732.891357421875,2365.364501953125,54.678916931152344,53.50625228881836,98.63764190673828,0.6023832619290972,0.8474938244654521,good,9.139263362792034,73,unreviewed,
